age,bmi,children,cost
35.60338558582603,30.050535854662957,4,17560.37161469151
62.68357240126606,39.257025035295314,0,27583.987068653212
52.403715265136036,33.7025430291163,2,23642.581340821154
46.13694875726072,24.538578066025583,3,15448.791673376812
25.332876100794515,22.609511971909853,0,9677.899607964875
25.331742455801525,30.951515029039033,2,16154.211310427165
20.729929771905375,20.078600757876146,2,9448.54716434296
58.710278851421954,38.98875259512612,0,27736.269030065087
46.25240555193081,35.076640724327724,4,21738.915659978302
51.279411156414135,25.18494608737177,2,17137.433820493352
18.967471231902714,17.721192825454736,4,13804.599936461604
63.58576305161373,36.123234244992474,0,25206.329781607303
57.124804117619824,27.31276092848429,4,20897.524929465682
27.97993820187898,35.42689787184077,1,20988.6654020459
26.545773458733727,18.433434047233796,3,10185.3573284092
26.620011963111388,24.403749862277362,2,11326.302424754627
32.29938541909827,28.0314621983091,3,16467.303456861177
42.66355228671517,28.28188356258845,4,18796.287964008192
38.30141587617944,25.29960717112454,2,12718.597419489335
31.68776958930797,31.73709959408499,4,19388.20821686906
46.75708605195183,21.594277423704433,1,15781.466830363443
24.556211450645968,27.145723089872238,0,11682.912428781108
31.730798481155254,28.721773790271392,2,16662.356441330714
35.219006634803506,31.086633004352493,1,18785.034001248707
39.43528925820069,32.26968926853334,1,19708.639156402183
54.90327018547164,21.252147448972785,2,16773.537597861887
27.384667761442905,18.795314975586265,4,11273.138451821958
42.169018605439746,35.66606093139106,1,19854.775307822063
45.843484736516,29.99388407187755,3,18702.133834073826
20.183169397839894,23.50908078066068,1,10175.158548386338
46.55460803936761,37.306911853135134,4,24780.859356769768
26.0146338133027,28.69404780575715,4,17775.58522497607
21.057424870308136,35.07578310438296,3,16993.959142157135
62.597620250906665,28.405110888460655,1,20174.521317719547
63.38470555450429,40.36448754929192,4,28205.52191606829
55.994675361473675,38.53204505465923,2,25136.315888429777
32.31684715114842,26.50621510912556,0,14711.432595702388
22.590589358300043,33.82942570572613,0,15047.971259488897
50.15895224607137,31.872255697510887,0,20783.616103940327
38.68716720576126,36.21178934519409,1,19387.765286734222
23.735797037704604,22.210459236519373,3,12993.885155783817
41.2733147752297,32.11630875999064,4,18181.2731955872
19.616260492415265,34.350546921097525,2,16815.32079276259
60.73805889770276,17.447563081461315,2,17999.62498416547
30.162659135200794,20.90044892400535,1,13955.506077180013
49.13854736463715,15.764606933439396,0,11237.22344357831
32.650420576202315,26.383558993332652,1,14943.425817021844
42.44319699535711,32.30525353477577,3,22108.875637092315
43.69538312913414,37.01414231257617,3,24776.719042357243
26.68815940969977,28.44456868251865,4,15683.962417117937
63.57047750493425,37.77169327342775,4,26679.62678210471
54.43124269797239,19.71939125071065,3,16855.38503211879
62.15645025351689,17.77970536386907,3,17680.70172920923
60.056885470099495,27.666713806620287,3,22736.556100680842
46.101299004121,30.304392693635844,1,16067.88288073944
61.32808904608649,27.80383151143544,3,18550.0566417743
22.159147596440217,15.59534739976074,2,10498.906147878895
27.211194533699825,27.46527976292327,0,11297.799284486133
20.12568257879529,20.17318299697088,3,12446.250441479942
33.29052554587342,32.01803529298023,0,16922.725913128204
36.26783261540565,30.19958947658109,1,16278.956208846095
30.753404493373107,22.36072128203587,0,11921.172130942086
56.95066293014068,24.91679849597984,1,15233.015234060487
34.76740635459869,21.64471886866629,2,14136.071748123317
31.203921955306896,27.62392541636097,1,17345.856343924814
43.50671590843768,33.73085392300743,1,21709.57677373967
24.623438573813843,22.085643721986738,4,12201.509333386186
55.703258095439864,31.024279093107065,3,19173.49408513782
21.50388025294923,24.818454289765356,3,10635.75758696971
64.3836860202243,23.242763006425935,2,16065.348271403505
54.2955041569429,27.357817840272652,2,18610.410177688365
27.339637032106104,21.788546065483757,3,12518.4530462019
18.25953950480931,24.678104167916906,4,14131.684445058469
56.326687137377206,20.81273264446691,3,13586.657992182554
51.222295160838,39.78835079749834,4,29481.288211562165
52.2633368979264,28.211581311830372,2,19840.043214247184
54.24970629423945,23.801646952044486,0,15312.385480840401
21.480098631502248,29.28387946440533,2,13012.82844698539
34.847889241580816,27.326031701855023,2,17568.014434481658
23.445845797681095,26.67418240280066,1,12681.855996374892
58.565861016152894,31.68500020026055,1,21294.2431803114
47.29501196089522,32.54504626028383,1,20761.47011115633
33.55220716807451,24.816993114336835,1,12321.86418890918
20.98724246344311,24.54509055613192,4,12749.430205065757
32.61616912063612,26.349689817090137,3,16633.462255694627
33.28361613525711,14.188473011586492,0,10151.814202038162
52.29149038188901,18.908853626808686,2,15578.83182212697
47.96520115369502,36.20124560466715,4,22567.312379637933
59.69899890108735,37.8698062810077,0,24941.20158667989
40.194101482611615,26.50578376266173,4,16460.090198549853
23.62092955910018,31.459341778334597,4,18077.809548537767
51.522504999480766,29.867500927261215,2,20152.538850794957
53.75689728499418,46.473284850731424,3,33394.33763703576
44.38002828576632,34.71744946860746,1,24908.618152047966
54.235457457864364,27.2324944511154,3,18615.197038763912
41.20839302912637,22.266757356397445,2,13527.609156952936
42.56844298095372,18.361322078454563,2,11021.523426326405
38.09442786285183,29.22078181520334,2,14945.93408945165
19.194698956972474,23.46189552829418,0,8553.334195528112
23.07089706868531,19.466477742413957,3,9672.049229096858
19.47717172727651,24.12056269454484,3,14204.700847762939
47.911289329397675,21.51071197831363,4,15872.546554092092
32.774731110587354,38.12284981043539,4,23739.72244370734
41.90282248474103,33.2898385416967,4,21223.146911730364
60.655624274526375,27.952164152100295,2,20459.529938571246
29.716734769997124,36.87966483334016,3,23661.715218521404
37.2879973826746,28.46420984588571,2,13704.415774505305
53.51090351152329,22.832294792030417,0,17067.278354808353
28.753513778106257,37.13874446361794,4,18333.332791252553
21.618055761953272,31.233460262107954,2,16040.30283102265
31.618318286947098,21.77652307404126,2,15772.778347101203
25.577400500938207,26.85796793149835,0,14071.101398531988
61.695789660100935,22.746290479691456,1,17487.894157861116
55.9816578395276,19.703201614213985,3,18782.329164637245
47.7699765559899,33.55706528518985,1,19871.668441941707
58.958647738822734,39.45649984282078,4,29062.902092986144
55.77258761425838,19.608594557085155,2,16078.03359339109
26.768792767643685,31.377815420143424,0,15077.388719211918
59.950272929028955,24.096144585269037,0,16147.617508852276
43.34908537003558,25.077247697411824,3,15475.377176443793
55.94968729271094,24.445636454566785,1,16999.316971607932
60.11629109640418,22.816055381921103,3,18543.204905026505
32.9461633236776,28.291129767668963,2,16130.650143234483
23.172440452800807,23.014299301533775,3,13336.638517470685
28.71295263947126,29.62274095467903,0,12128.28978364055
38.074066065434046,27.69857134330518,0,15055.84170880252
56.446693998357176,26.566311718801543,4,17989.564317632932
58.454337413048144,22.554618027750415,4,18307.84232475881
18.326750134965963,24.539372016590004,2,12201.196452939384
42.00512322114559,32.53234735495454,1,19210.87155496983
37.61831714799261,31.005503125746284,3,19521.578328803625
28.439067092124322,22.134668531208693,2,13662.014651079493
23.633672264683092,28.595993832575356,4,15631.57868896988
33.86791305597051,32.50832274023073,3,17570.555100076046
62.3167560838884,17.983568313271768,4,14209.714348985162
33.19053780497549,31.26016115427961,3,18304.72268765684
42.38315922193821,24.02425744632492,1,14991.923394034027
51.04189106807336,31.423592011558956,2,19076.419175020153
35.09059131182681,23.4204450607449,3,15337.411399952272
63.67375788788515,17.170707396012887,0,13810.96027924083
63.23502286227923,18.234745372701024,0,12325.663519657573
29.833767903792115,28.288509679968293,3,17862.1174982232
41.37067977694211,29.55833501032889,3,20158.53553117291
32.14128056138817,22.57410024937355,3,10393.692949901248
31.38750323574098,31.831554752664243,0,15996.703842599221
19.733686525663042,18.03087962638624,0,7308.803657740347
46.64952369705515,27.6035212081161,3,20576.205374553676
41.625914091756485,20.73390280142526,4,14393.895302490491
20.4195013087495,24.088983353187047,4,10621.899089130526
31.09638381912074,28.284392027898484,1,16487.6830701079
60.688496640432724,22.837519808296285,2,15472.634287359038
29.2594088613477,25.69266673462105,4,14599.531832482544
24.810058988287487,34.037756855286645,0,16152.544448817936
41.004279733045465,24.53864878286111,4,15331.41215342302
64.32557134319823,33.01415267239085,1,24454.06560258496
29.37659776104052,21.22175887205429,1,13692.115402390476
49.590370728076294,31.178825067491697,2,18248.193815534865
53.79612192044973,36.6494117239474,4,26440.32672344332
29.168964567642785,13.170132999236264,0,7010.7382727871445
52.2261683847574,23.21862846717714,0,14172.464471645584
35.2858072378049,31.46243276308324,3,19427.672171520142
47.718374037898236,26.781727683742044,0,14788.511334375344
47.775896405762055,30.22687524022785,2,20008.928229909874
43.181410151513646,24.376088879705076,2,16514.318648204466
22.24361919255719,28.5195387248374,0,12821.385377110051
57.25921729269418,27.065936587647524,0,19905.148980590195
33.07666305367158,35.00669236995884,3,18806.94764680782
26.76636998879315,29.526525059807277,0,16751.22160531075
19.916431653073904,30.025615972451213,3,12586.85974898456
45.77196832984737,25.528738203265195,3,20932.53120261489
49.84552500658727,25.07436265556504,0,15154.762018883288
18.77962795960924,25.404650873082275,1,10027.44631919196
42.06837374006621,30.36671285426978,1,17682.62069396667
28.645301434303086,25.47409311507842,3,12716.372501565676
48.323121149244145,29.738649141378477,0,18672.788648208545
26.195222163234597,40.45240479187263,1,24844.73985614561
50.4740736908159,33.22674822059015,0,19121.09468768228
36.176561276125256,26.043858806992954,0,15078.40886576564
62.02630947062652,35.207283532983666,0,21400.371504969367
24.463484374861682,25.55154776187069,4,15747.770686343762
34.030118499362146,15.771252788932877,0,10216.196470619947
23.333255498307686,21.951482134495578,4,13932.938985752418
61.46060005909245,16.775248473844865,3,15349.659268494555
59.234949608906106,25.890919095752146,1,17435.90446078162
30.123256502612314,28.11051027513731,1,16144.672508763848
49.019250163606415,38.0586238736517,1,22375.40325376424
56.40944340945715,29.961564242584977,1,17324.133332443675
44.094438145174735,26.685396827146814,1,16227.826783939126
42.8935771827323,32.976433487100934,1,19224.093322413577
29.36705767232123,14.733188145952688,1,9906.476977960912
22.375830086877265,29.413687348651397,3,17145.351683944737
60.169140623806356,32.6251911633218,0,22468.92319673057
60.31964868667653,19.12848252532095,2,17224.790707956687
47.7557684918436,34.862524259241574,4,23798.89975103686
33.93440017928893,30.030978444966486,2,17850.650312995404
34.41285000679506,25.50827251659519,2,14493.66135407971
52.11991690690125,31.79669119663771,0,20625.85143810134
60.16418221777112,41.62415714682638,0,28600.31115734791
59.69306194046051,29.09119753035097,0,19904.70222336166
54.65415065530832,29.489323517802017,1,19144.238564041898
48.17548736925153,25.243834602758536,3,18312.22876060897
21.954578354767296,22.90093378321125,1,9972.03560989293
25.596549562446846,32.98201489926547,3,18190.091971164562
60.232046860772726,22.863497044546797,3,19729.877850487275
46.502165804000725,28.429397423316356,2,16634.548514747086
18.432261425981594,25.1340553194093,2,8839.278389259562
22.76916251470351,30.87387895447835,3,16997.024143610295
49.18458314807862,30.00197263172169,3,19493.43935462732
18.23789444077228,34.22523966554739,1,18465.647828315185
25.557978416622436,24.93990160687152,1,12357.911064252201
43.79048810022955,26.380750388239772,2,15621.504518155594
50.519074291556585,22.127417705306158,0,14360.361193057131
48.64217919662222,25.33424043954333,3,18854.167145899075
28.540657544646308,30.263802958269114,1,16803.130767454895
51.47242340333418,32.54193169987211,2,17659.78331326949
29.150707112349604,22.467008054934247,1,12198.9218143874
33.293785813485584,33.21763552063396,3,19881.824166441776
53.085096040547135,36.13382715282971,3,24491.924105387032
48.53274625521909,30.480609419342205,4,19654.25260667491
57.91350029322636,39.260774875348396,0,27892.9072938715
48.90780593811614,23.357264805378563,4,18657.840004805475
44.71050435676717,20.532071780131496,2,10617.494678121006
22.402714087920344,17.32767850657433,1,7665.952320847865
35.282642743793375,36.9762658689351,2,21747.742810742177
30.464511281041098,31.926193938124346,3,19685.257591478447
29.467513238816927,27.66649197453727,4,16126.75408218154
63.731496073364944,29.679811757918923,4,21343.245970612377
36.47559305933774,21.24706571620974,4,15050.017340351076
59.92618809332433,42.67451187770096,2,29883.063725672564
47.66351542187135,28.775327091851366,3,18753.620516978615
55.356131266457474,28.656368767629356,1,18974.556749326137
41.62394337594403,32.35459974339215,1,20073.255413200444
45.11448257743888,30.886055390420278,2,18843.832159906247
41.148331609486604,29.34330414567479,4,19812.964462249576
27.17642042650809,23.25715326732813,0,11375.811392365518
51.95524941729075,30.828810142815975,2,18696.91788118473
31.19630103472022,39.2921469788502,2,23063.00883874053
19.14285042227833,36.072520276929865,3,17860.87464991909
48.33719790763689,37.55911975983638,1,23918.93464214676
26.324201932131302,24.93270594141289,2,14409.239439276551
62.20155346458697,22.062371078448514,2,15587.271686716489
62.83464311912161,27.24527847940211,4,21394.65857077662
60.99862634036108,28.334349473732168,4,19934.591364520213
35.39745891200589,34.56514911082569,0,19559.665007211846
18.72646097685677,17.845212221711083,3,10783.791501938307
61.63097244162309,37.17730191676368,0,21871.894033180408
38.124654970913774,27.051952608526065,4,15365.065904669449
63.43277649505247,25.43871358031548,1,17932.72879280626
63.29013892319488,21.927373748438995,4,18774.17876728897
58.09144440696592,18.070859968805383,3,15229.70146712913
31.83909792727053,32.93902350377149,4,19556.83620993931
36.09959324429049,28.439907803130424,3,20067.699333176046
58.00342356129227,20.260234601553677,3,14486.598677019927
32.89533424234505,20.229527367618303,3,14229.865436068092
25.966159094246347,25.98529180425923,3,13622.310574930347
44.16965933554246,38.014129151736356,3,25400.401240728384
61.9992743855567,26.442451891818372,1,21985.343611963195
50.71340044372373,18.981142281291362,0,14242.864725112964
44.792874994200155,26.525541615484336,2,17313.718393762934
22.56729520722612,26.363658581513977,0,14734.202721834336
46.90533965486098,11.81868014235057,3,13619.810918190851
64.53253095490038,27.674230800893127,1,18639.41903320392
24.58394871611663,26.61439281874793,4,15212.638472204491
42.36149366109562,32.17723818888051,1,16631.727022592702
59.236534380613904,39.093736569672075,3,26858.452464319867
52.81612503444761,34.75939017728655,1,22975.65026153538
50.7597398267776,26.386667856671018,1,16173.365350627506
51.016751947394134,21.360844547549977,3,16125.419708912961
34.89608410732849,43.44015881949916,1,26584.80967525282
31.798816680431187,28.35531060408693,2,16614.68399519969
56.03997430749014,28.083575751477678,2,18656.569882971206
56.0753295499215,27.85524947733998,1,17260.22529528165
58.752398973264874,29.18850856460713,4,23549.74040751106
60.92230597015415,27.133837528456347,3,19257.252171694865
42.03309274646408,24.558027958718583,2,16325.947173857323
41.57126585029838,24.718846352557648,4,18498.774067267088
55.51987341143843,27.80348037870401,1,18802.32122190185
48.54830474655496,24.73945137319741,4,16118.190400286512
50.992443231112055,23.722925303937014,0,15008.723372607543
55.40225546349675,28.63858136615138,2,21038.33312109137
59.830251065425614,26.470136695474867,1,18790.59034519189
33.88577237202218,37.02395793149613,3,20482.88777662886
35.65239877407737,12.094181149641928,1,10205.517743215716
22.417151172520843,34.54904111153477,3,19953.232296719823
45.17916662682018,35.47651115498577,1,21329.73560214442
19.689286868446878,15.559658605551103,4,10289.789352887155
39.88310685222562,25.943874435517905,4,17080.84012828374
43.504297831256096,25.77135480402525,4,16871.12765107491
31.467438850029367,19.554929831693073,0,8603.765019338307
45.7691632467435,23.33309987445475,3,17426.640827182964
19.433511747135324,21.336544927205026,4,12606.324756256434
19.75536487121308,38.513622660541735,0,20672.12547663087
56.66222635100394,33.61407035888477,3,25615.180219088288
34.92896014632936,35.62933056996495,1,21851.626581108183
23.971844094638584,32.33003238425941,0,17077.935563095754
42.54543322257581,21.225689372696625,2,10567.27285480819
54.18969699563471,24.85287840232136,0,18100.452625854545
28.14358829235163,30.936247367367507,0,15916.673027025352
47.275852363493016,20.66723314664833,3,15331.460634288853
22.011330854707097,32.27799058103433,1,16699.386172239552
20.42904089492456,26.55804761105119,2,14278.40417881072
42.973667683702956,25.751075154702416,4,18760.49141198929
43.409850715675006,32.26575980922095,4,21873.631882603466
47.95920537041571,30.66557986891624,0,19310.587076511
52.126292684965094,25.83420300508552,3,18340.273460767818
63.86504773473913,34.955978820185486,3,20271.54593762641
42.26611637015618,21.513620034400617,4,14536.889396193781
33.17895422823856,31.69561364166558,2,16610.578099427188
55.373751154129074,31.558607547810304,1,22581.629085095083
30.729115809317488,26.14272136411606,2,15372.341972045166
38.6316567731649,29.956798133452708,1,16581.64057923849
21.6874499230865,20.493318541688183,4,10916.302763570115
19.191484940526504,33.544162115241406,1,16039.858816261309
63.24447548986248,26.890587181342067,3,19599.968881574576
57.29106566407367,24.863661876885764,0,14608.84050360488
50.710787686403805,34.294055355021335,0,18875.521239976595
37.220788387470684,23.773937856743444,4,15278.68962885621
26.14483304332975,19.54923222181864,3,12856.420970164416
25.352541005541045,18.660224958856578,2,9478.386559840703
29.76141621373598,31.636059708073837,3,18427.78229697459
43.813653241187666,20.3174238850223,0,13801.416495179983
51.58600836690293,38.52876509190619,0,23092.491341732544
49.029276705733366,15.508423552697668,3,13229.540373678828
31.15689315645931,38.17873820974023,3,21749.91376443741
62.87866819117012,29.26610480321571,0,22406.028369950516
52.68115508470112,27.419721328777644,2,20764.273700476577
44.05464046803583,24.730485479146303,4,15235.650930735756
46.750875073014555,30.394816686112424,4,20829.906649402452
37.72120293410613,27.77419178545091,3,18473.636684684745
29.6433565065544,34.61981129209913,4,21704.311065553196
34.7307158966093,28.68536589197224,0,15560.454100531184
53.61876719182535,28.901810568771264,0,20355.797812951707
18.676493965598524,25.818326726716865,3,11610.562011030654
23.455414103825063,27.658326257673597,3,14213.502812740888
20.162124175022377,29.846810613352353,3,14116.176034507222
19.914253708991595,17.738989644060247,2,10307.595834320437
58.20664744851734,19.910887467365722,4,15821.476203209439
51.07191939086111,32.45958456413629,3,21440.16044623669
40.286169967104286,29.025192628767652,1,17894.049118834948
22.59820555059707,26.896099981883925,1,14171.10764561125
41.10594613049112,28.11060359839236,0,14707.262746850287
40.253173226686584,30.085490232170027,4,20674.326134762156
26.140487885770714,24.76144191814383,3,14235.897744522588
38.39102751418473,23.330171647586123,1,12079.068958815422
36.72972251667655,29.175071530586088,4,16029.73252201471
46.944954608454175,22.129763334309807,0,13915.277878200652
47.84940159077926,30.44951653428683,2,20724.281794310173
20.129288459286094,17.78449837457296,4,11495.850886846267
35.60679288744414,34.174933823953864,4,21554.530267670143
47.415416038569106,30.83558489447826,2,19693.65762112136
41.64740415326412,29.536178405883255,4,19738.575474849767
58.25502253585115,33.89614590367309,0,20944.744680024723
48.95860068609042,37.99284666677546,0,26308.83587590276
25.657918072827194,34.086220390108785,2,20978.299542938537
21.3167311278202,16.954754612010127,3,10215.365180638863
48.19370607569684,20.322538199585793,1,14155.062130080041
19.246031595456223,24.25108853382593,3,11650.926231084013
45.531452319852775,28.156546301265003,4,19550.752112830207
62.19082134697301,31.105954122814737,1,20467.45096442734
45.04728636016631,23.645537121079208,2,12012.789164974998
36.243986531706526,29.12060058686247,2,12845.530814415095
48.2345462667906,23.467702405880065,1,14043.26500238285
39.53788585310129,24.33089318204831,0,14085.173692705059
43.643989097848944,19.560033418910667,1,13370.505039096586
62.248846012496685,22.460600523334573,4,17651.97714779875
36.14682397663639,19.889892366302,0,11590.8545306406
63.175956499723966,22.144760482136004,2,16968.955107488524
60.551480171935,34.321850779647036,1,21863.64729871862
27.202183335096933,22.303606667008342,3,12474.219440377045
21.259981141132776,43.79429238902435,3,27087.83329827195
22.73656606473905,30.959907405285335,4,15564.550953529792
18.856425805622838,29.109016742169242,3,13371.40550827277
22.438819155528634,22.849853318912718,1,9483.104949359324
50.101318350568775,32.201859276453945,1,17480.017059428574
21.345866477630764,24.546173042573358,3,12006.722520783638
32.99185462380678,28.732058887872167,1,16775.219442361355
57.70913961556437,43.360507229612764,4,31718.580940178308
19.093780979583816,27.4236406016521,0,12130.751459338926
56.280018681679984,34.89563995771405,4,24812.656880196348
31.247174414349796,23.780941449244676,4,13608.935693132767
23.553746898217845,27.79006905701823,1,10834.111460775886
50.74664677211508,38.62480381381306,0,25706.32988509459
47.56031379865455,24.238197653273396,1,17115.636185266638
59.24118463577149,38.874691347981575,2,25906.35880527238
52.54833905878263,32.24651161273285,1,20554.37253980871
55.76360372808789,24.625199344634396,1,16573.046230252767
31.255624910851402,31.794446434333125,1,17824.145191421307
26.33965855764697,33.83532669776038,0,19934.082296028246
53.27889332712034,31.73085977330318,1,22299.995486532305
55.92123274556141,18.57865168065726,0,13274.476556425256
64.55374167403164,23.63717694505079,3,19583.91838267151
37.39303081483705,26.51488818669097,2,17520.88288061187
35.48485003226081,27.55339942539972,0,15527.143450387466
54.49140915487385,31.724032585304066,3,21730.80470130516
34.01776639189184,29.066206005599522,0,16220.108416384053
61.74559430336754,19.98793384773939,0,14202.10685667598
58.345399336621554,30.28118710603578,2,20085.391139844585
38.16271928662586,31.66351447170294,4,18154.13802718965
53.29094018620037,31.35874268758624,4,22287.945232247854
53.46351508198007,34.48468435332773,0,21714.35745275012
22.846821835288832,33.00353292729342,1,15584.678040100616
60.419986613939635,30.75508047537062,3,21775.478625125415
41.74686150504928,27.579005731248117,1,17073.042188144314
56.843500907063856,18.03423439890405,1,17150.929698602704
33.04233124843876,30.577709314795516,0,17824.414553722927
60.08959173932142,29.246126122978666,0,16140.575906686454
36.29247890050567,29.629473023172242,0,16581.891251615285
18.509369619574024,20.339508545078143,0,11057.347915558454
60.552952891705395,21.513660757550426,4,15704.50868885011
22.290473808948278,34.31891711999742,0,17948.7906995534
33.007740966749495,27.76266907686007,4,16303.85580942828
62.652912451387834,32.08900418423575,4,25420.41455944141
62.678535906065136,28.169910256782767,0,19943.6046171819
44.951580741794444,28.17853683697447,2,16357.013312157625
47.69634897198057,33.62970283585599,3,21662.744256640955
39.07693953298103,24.903731630695756,1,14350.955907212883
31.780906269809034,28.5767246616459,4,16748.660542131493
33.44723363238605,25.226348267769744,3,16559.6659312889
49.608367435620806,25.393022635406105,2,15625.381218880246
53.36160288357096,26.144967259188164,1,18844.41052686763
55.20421505511488,29.332802629802277,1,18931.390845574304
55.112052711344035,25.127508270019135,4,18915.991284794152
22.286686843288447,35.534536753441124,0,18078.6024287314
41.23775432102133,22.632356186682976,2,14275.190606639319
20.705261720782282,26.878770135031846,4,14310.067846168156
43.82785746921557,25.36161365035495,2,18192.33092728757
38.75193356454872,36.6818673061224,0,22532.058812681236
59.72209658964009,29.179328659069448,0,18928.573164016034
34.4930055899477,34.19106723681181,4,23238.42250759715
23.502149772097475,19.086637761778167,0,9580.341487297263
24.720609056483283,29.602301595215554,3,16507.49034479935
53.79099969072119,33.33778477374062,1,20426.750270813613
47.05624897586427,28.493703935652544,4,18431.100998498143
22.752765777771142,34.392882250392105,2,17208.86309966827
21.953019887404878,24.896269299397765,3,13120.304530882602
50.94554917857864,36.45608464111348,4,25890.468069559407
21.419861299117095,41.7933887417155,0,23230.70106916241
56.62742278664674,25.822968637362045,0,19544.43674456322
51.19338467635532,25.326984871595368,0,14761.932320496651
21.82339269016929,36.72030686270621,0,18929.621829746804
21.98737256200402,37.47743287438428,2,18419.276638892952
64.37206018955524,24.86283983708039,3,17954.610618671508
35.59072740053766,25.47887909742486,1,16227.209476700278
35.42018091214388,26.309292346836955,2,14540.06847502772
56.20157966110262,19.933296933794338,2,14198.554521583135
62.52068313704136,22.48808832109481,1,13740.27832055539
64.34204999967494,21.97515539948759,1,15760.350076584153
53.40877470717026,23.393214609375228,0,15175.820692385936
35.68420051995304,27.791890675679312,2,14040.417511602745
21.92453368483743,29.405288395219124,4,15541.214825311996
54.52590504858953,37.30300295688446,1,26499.972644289075
44.24499973758284,22.009875755567254,1,12920.1382579
37.938434434607885,33.9059343908595,3,19271.814460308968
60.59865609945259,26.716066934646946,4,18541.42853918561
23.226281668389113,27.703217742085403,4,13445.978844138623
41.15337990167038,32.04891695299962,1,19747.70393418586
18.533621304068696,21.263667870626207,0,9374.482014057892
40.027050173723936,30.294458477104303,3,20116.88498918192
20.646253957046355,28.998713249278335,4,18535.948632177046
23.58444206459938,30.954707584048894,1,12874.018827965925
23.52373359852393,29.735011863446907,4,16940.38740763453
48.51288419945499,42.731800839465365,3,27359.071658105237
53.064109325474895,24.173560094492103,3,18486.575422291622
45.4183319595665,24.814018269989095,2,15562.236819358344
63.22210977830347,24.261156841451413,1,17910.33792089683
35.61891723761409,24.66713728503847,3,13002.748062136752
31.428468055247457,24.175677236160894,2,12919.263368887649
58.82415902490463,35.13409918664531,2,24302.166486968392
28.509004410414274,36.52302548793913,4,23649.781789698718
63.271459353708735,24.575522237503144,4,18338.441044403597
18.57126031042137,23.005866561374628,2,10252.350651665489
63.584304855259035,30.828493338318424,4,24458.04020666971
20.02851586167708,24.68666173431417,3,11309.579629547112
59.88372634380934,31.797590906533063,0,22807.004542124934
42.8019521270561,29.217538125107797,3,18443.308297890308
64.66934541760712,18.90553531001661,2,16729.278908611683
21.468438542563746,37.28503120798037,2,20673.284756949317
44.031151366862076,38.77526603857313,3,24215.554438540625
63.55721917409765,24.323267857093683,4,20034.62669780251
42.58559867599699,25.673790640384095,4,15820.720383390837
47.58173599235734,29.71519234434943,2,18214.03245332211
50.700188382277005,30.00674073992215,1,19947.1096047205
39.36343004408534,31.951265636036982,4,20553.43919752163
47.49522976395098,40.0612272325981,3,26560.85631215267
45.46277266038571,26.938316635035704,4,16188.047456457753
60.35442649307648,23.210216532769277,3,16426.56805491739
20.13597987604852,19.724084631912838,2,10325.855692933357
31.205269910834826,23.614419760348486,4,15355.409538032269
62.66933975159826,27.80123816275722,3,18965.021139782086
59.84239784287307,38.76734718110673,2,25745.693879857346
39.4158673809285,24.894332205782973,1,14810.93562812469
47.14623209667222,29.34272770983339,3,19351.07330297872
31.036915600113236,27.90146262356349,1,12504.517692216526
26.841694507016783,35.1303596406885,1,19110.020381053655
39.79382503217916,43.161594555241734,0,25700.754484992274
34.60755471722448,24.814787362478075,4,17810.439870627124
45.43183725699099,25.063363344890668,3,16970.29522423222
21.653527937354287,34.264965262414435,1,18121.11780976168
63.796555960309824,32.09134893775787,0,22539.069113781723
64.35190499054133,39.080243954416204,2,26104.549352969196
