id,first_name,last_name,race,gender,meds,beneficiary
1,Noel,Ridge,Cambodian,Male,Epoch,8GA6DY9CE28
2,Robbie,Charrett,Native Hawaiian,Female,Annual Blue Grass,1FW8NV6TE15
3,Othilia,Tompkin,Eskimo,Female,Triamterene hydrochlorothiazide,3R17HD5GK64
4,Parrnell,Guite,Tohono O'Odham,Male,Nettle Pollen,9GX5Q54TE15
5,Ron,Batistelli,Guamanian,Male,Promethazine Hydrochloride,9XG4GW5WQ39
6,Bendix,Thorald,Japanese,Male,Pantoprazole Sodium,5XC8G76AX24
7,Olenolin,Galle,Cambodian,Male,Potassium Chloride,4D13Y76RG60
8,Lemuel,Ismirnioglou,Nicaraguan,Male,Synera,5CV6M28AA77
9,Levy,Thominga,Mexican,Male,SHISEIDO THE MAKEUP LIFTING FOUNDATION,1KH3TD2HD50
10,Terrence,Mather,Kiowa,Male,Athletes Foot,5D48NF4HW64
11,Isabelita,Leighton,Delaware,Polygender,Sunzone Sunscreen Sport SPF 15,7QR7W90GM25
12,Vonny,Grafton-Herbert,Cheyenne,Female,Methylin,7N59T70UN19
13,Nonah,Berk,Filipino,Female,Hydralazine Hydrochloride,4DU8QA4RH47
14,Byrann,Huson,Black or African American,Male,ControlRx,5JU8KG3ER36
15,Geoff,Escoffier,Delaware,Male,Eye Wash,9PU5HJ6KA82
16,Wylma,Verrico,Bangladeshi,Female,GABAPENTIN,4K51KP6AT83
17,Hynda,Riccardelli,Menominee,Female,Gabapentin,7XU2MP9FC95
18,Hersch,Loader,Chamorro,Male,True Force,7J50A13FA44
19,Maxie,Skin,Black or African American,Female,Laxative,4PR7GX6RY26
20,Alano,Reisenberg,Comanche,Male,Nitrofurantoin Monohydrate/Macrocrystals,1G89H29CF57
21,Timi,Kleen,South American,Female,Chlorpromazine Hydrochloride,9VH9FA7YQ08
22,Ernest,Gayforth,Polynesian,Male,Amiodarone hydrochloride,8U32M48FF57
23,Dorita,Lammenga,Venezuelan,Female,HEADACHE/MIGRAINE RELIEF,9EJ3EE7RM87
24,Neala,Fincke,Tohono O'Odham,Female,Clarithromycin,4HK0D01VY95
25,Cissy,Eslemont,Fijian,Agender,Metoprolol Tartrate,6FG1CH8RR34
26,Norrie,Annable,South American,Male,CPDA-1,8JD9V51YF77
27,Elena,Buscher,Paiute,Female,Hydrocortisone,7V26X50DP02
28,Moina,Saker,American Indian and Alaska Native (AIAN),Female,Health Smart Instant Hand Sanitizer with aloe vera and vitamin e sweet pea,1XT0TX0JW34
29,Hortense,Mandrake,Puget Sound Salish,Female,Senna Plus,5EX1JR7NN86
30,Morganne,Worsell,Alaskan Athabascan,Female,FIRST AID RESEARCH CHAFE AWAY MEDICATED HEALING,7UK8P22QF64
31,Frederik,Frowde,Spaniard,Male,Naproxen Sodium,8CR4FF1KF45
32,Creighton,Bettesworth,Colombian,Male,QUESTRAN,9E71T30AJ46
33,Devlin,Mustoo,Cherokee,Male,hemorrhoidal relief,9FD1KF8XA94
34,Danya,Keal,Indonesian,Female,Regular Strength Aspirin,4MW8KN8FM50
35,Wenonah,Ratlee,Micronesian,Female,Systane,8RV4PC4HU67
36,Karlie,Curphey,Ecuadorian,Female,SunscreenSPF 30,9VG1XC6NC76
37,Galvin,Geerling,Chickasaw,Male,ENTOCORT,8VG6HX5AN80
38,Ruperta,Stanbridge,Mexican,Female,EZ Nite Sleep,4V13X14YH63
39,Missie,Firpi,Salvadoran,Female,Rite Aid,6E53XD5TG84
40,Paule,Reichhardt,Tohono O'Odham,Female,Pineapple,2JW7AC1FR56
41,Tuck,Bestman,Cree,Male,Furosemide,5PY8T46CG34
42,Rabbi,Robelet,Colombian,Polygender,True Essentials,4NR6EM6AW68
43,Claudia,Snalom,Guamanian,Female,Mixture of Five Standardized Grasses,4YF4W08WN56
44,Chilton,Barkus,White,Male,Being Well Body,8J81F35EW61
45,Lars,Iorizzi,Guatemalan,Male,7 select cold and allergy,3R52WF0PP36
46,Conn,Bertomeu,Ottawa,Male,Pleo Mucedo,4XM9KR0VY49
47,Martita,Mableson,Chickasaw,Female,RENOKIN HAIR REVITALIZING CONDITIONER,4J02RH1HJ78
48,Forester,Nilles,Melanesian,Male,Family Wellness Sensitive Extra Whitening,4E12QQ2QF57
49,Carolyne,Le Monnier,Venezuelan,Female,Robinul,7VF7G82PX14
50,Reuven,Whytock,Menominee,Male,Acetone Isopropyl Alcohol,7U30X96RQ08
51,Myrna,Stode,Dominican (Dominican Republic),Female,clonidine hydrochloride,8FY1YF7CK56
52,Wolfgang,Lockett,Ottawa,Agender,Nex Iodio P2,3QQ8QY4PH57
53,Claire,Winkle,Native Hawaiian,Female,Golden Sunshine Far Infrared Herbal,4XW5Y72GK56
54,Diane-marie,McNally,White,Female,LAMICTAL,3EY1P97RH82
55,Celinka,Scrafton,Ute,Female,AIM,2YY0QY1PU68
56,Wallas,Ezzle,Japanese,Male,Darby,2EH9RU2QM72
57,Shanie,Lukins,Pima,Female,Metformin Hydrochloride,5VG3F02GJ96
58,Friedrick,Messom,Paraguayan,Male,Horse Hair,7P89A64RT73
59,Jenna,Chittem,Potawatomi,Female,Risperidone,2U72WF6RN48
60,Shepherd,Eddies,Eskimo,Male,Laxative,4GE8D51VE79
61,Judas,Paynter,Kiowa,Male,Thyroid,5JP8HX6DR08
62,Trix,Ligertwood,Vietnamese,Female,Hydrastis,2J64GD6PM61
63,Alic,Burns,Choctaw,Male,Docusate Sodium,2Y10E63PV06
64,Florella,Prew,Dominican (Dominican Republic),Female,Lusair,3DE4UP7CX05
65,Bernice,Giovannardi,Chickasaw,Female,SELECT,2HV9XC1GQ18
66,Baldwin,Grzegorzewicz,Comanche,Male,KADCYLA,2JT0GY8AX67
67,Whitby,Gammack,Guamanian,Male,Ovide,7E58T84NG02
68,Devlin,Miall,Colville,Male,Hydrochlorothiazide,2Q57D83QC36
69,Damian,Wotton,Asian,Male,Anti-Aging Hydra Tint SPF 20 Shade 30,1HA2AP7KX93
70,Jermayne,Espada,Costa Rican,Male,cephalexin,9AG4MX7NV31
71,Dino,Dimitriades,Asian,Male,Hand San,8FG1NN5EV16
72,Meier,Acome,Tohono O'Odham,Male,Estradiol,3R16HP0YM79
73,Beverlee,Baccus,Latin American Indian,Female,Salt Grass,3XA3RC7DR35
74,Thorndike,Cable,Crow,Male,Simvastatin,1JJ1KP5CH49
75,Delmore,McGavigan,Argentinian,Male,Ibuprofen,8X95UU8NA59
76,Lindsay,Whinney,Ottawa,Female,Sertraline Hydrochloride,4Q67GK5QU90
77,Rayner,Prue,Cuban,Male,Extra Strength Pain Reliever,8PE6Q07VW27
78,Niki,Blois,Asian,Male,ANTIPYRINUM,9UG1CU7PK21
79,Adlai,Jex,Laotian,Male,LAMICTAL,1YJ4DY4YR09
80,Kerrin,Lewsley,Cree,Female,Aspergillus fumigatus,8WP5P98AX13
81,Ariadne,Shipley,Ottawa,Female,Olanzapine,1VF9RC0FU58
82,Clark,Jurges,South American,Male,Russian Thistle,3KD2FE6MD48
83,Madelle,Tuckey,Tohono O'Odham,Female,FONDAPARINUX SODIUM,3EV7TK9CH28
84,Peyter,Chalcraft,Chamorro,Male,Buspirone Hydrochloride,6P17W07FU47
85,Kit,Jeaycock,Venezuelan,Male,Fair and Square Antibacterial Hand Sanitizer with Vitamine E,2XH6XY5TX53
86,Layla,Ciementini,Cherokee,Female,Avon Sun,9WA8VU0YR74
87,Franzen,Leaman,Venezuelan,Male,Nabumetone,2R08P37DH04
88,Lammond,McShee,Native Hawaiian,Male,Methylprednisolone,9N58AG8PG32
89,Abbot,Woodthorpe,American Indian and Alaska Native (AIAN),Male,Moisture Renew,1DQ5RM6NC71
90,Ricoriki,Leman,Native Hawaiian,Male,Sun Total Protector 30 broad spectrum SPF 30 daily protection,1AY5R13CP51
91,Dyann,Worviell,Tohono O'Odham,Female,Deep Tan Perfecting Makeup Broad Spectrum SPF 25,7EQ8GQ0DV18
92,Auberon,Cabedo,Venezuelan,Male,CLE DE PEAU BEAUTE FOUNDATION I,7JU4K07YV44
93,Leann,Gouldeby,Filipino,Female,ULTRAM ER,6GP8Q28PC39
94,Julian,Brodnecke,Asian,Male,Atenolol,6Y30H03XC49
95,George,Danks,Uruguayan,Male,lice treatment,4QJ6DQ6MP58
96,Cristian,Comberbeach,Bangladeshi,Male,Fluoxetine,6RY7TV5HE68
97,Guillermo,Cometti,Chinese,Male,Lidocaine Hydrochloride,2VV0MG5YD50
98,Sigismundo,Wicher,Colombian,Male,DG Health Ibuprofen,2TD9UW8EP10
99,Olvan,Toquet,Cheyenne,Male,Good Neighbor Pharmacy,2X12FJ9TA64
100,Estele,Breedy,Osage,Female,Regular,3VX8VG4CJ81
101,Lanita,Kilbourn,Taiwanese,Female,soCALM Pain Relieving,9TW1WV0AK92
102,Aurelea,Marchington,White,Female,Sugar Mix,1YA7P42VW81
103,Royal,Veneur,Yakama,Male,Airmit Ace,1GY7NJ8MV52
104,Monroe,Temple,Peruvian,Genderqueer,Strattera,7K76QH8EX35
105,Grethel,Cappineer,Chickasaw,Female,Alphanate,7Q60RW7RJ62
106,Daisey,Cammell,Latin American Indian,Female,Esmolol Hydrochloride,9N60RC3JR92
107,Corena,Wardlaw,Shoshone,Female,VIIBRYD,4QX2P61EN07
108,Hayes,Divis,Chippewa,Polygender,Calgest,5JE6N02HV42
109,Boot,Hallut,Chilean,Male,BENZTROPINE MESYLATE,2PW6GD9KR10
110,Twila,Mayhew,Pakistani,Female,Zolpidem Tartrate,5XD0E04MX93
111,Eleonore,Crocker,Paiute,Female,Hand Sanitizer,8KC7PP6RQ99
112,Ailbert,Millthorpe,Spaniard,Male,All Day Pain Relief,2VH7D28CP19
113,Charley,Luparto,Korean,Male,Carisoprodol,9E37DK5VK26
114,Douglass,Summerlee,Puerto Rican,Male,SAFEWAY CARE,2DM8M62GM92
115,Llewellyn,Giacomuzzi,Sioux,Male,IMITREX,6GJ8U72JH87
116,Sada,Aronovich,American Indian,Female,Mobic,6YA7MT5WK64
117,Denver,Czajkowska,Korean,Male,Careone Original Strength Triple Antibiotic,2FQ7E20CJ85
118,Perla,Hens,Chickasaw,Bigender,Furosemide,5AV3CA5HP63
119,Judah,Fawltey,Paraguayan,Male,Medicated Acne Pads,9Q81PJ2HR78
120,Loleta,Merle,Navajo,Female,INFUMORPH 500,5VX9GF9QY46
121,Devan,Cars,Cambodian,Female,Byotrol Hand Sanitizer,7VD2AQ5JP89
122,Jacky,O'Shiel,White,Bigender,Dipyridamole,1CX8J01CC65
123,Sydney,Lethibridge,Creek,Male,Hydromorphone HCl,6UY3XN4AG09
124,Elicia,O'Rodane,American Indian,Female,antacid,8AU7Q21FC61
125,Malory,Elis,Tohono O'Odham,Female,Donepezil hydrochloride,5F97NW3YY03
126,Lura,Lakenden,Honduran,Female,"Sally Hansen Microwavable Eybrow, Face and Lip Wax Kit",1G15YY5VR83
127,Layton,Ilbert,Native Hawaiian and Other Pacific Islander (NHPI),Male,Health Mart anti nausea,3RJ9JU6GF83
128,Christina,Gerlack,Melanesian,Female,Mucor plumbeus,7AJ0EW8CJ08
129,Kenny,Pinks,Creek,Male,good sense gas relief,6AJ3KR4DC38
130,Sinclare,Marwood,Navajo,Male,Lamotrigine,7EA6VR4GK76
131,Petey,Skoate,Thai,Genderqueer,Common Sage Pollen,5R86AY5VQ06
132,Toma,O'Flannery,Navajo,Female,Common Sagebrush,9CQ3DQ1NT86
133,Allianora,Winscomb,Ecuadorian,Female,Diethylpropion HCl Immediate-Release,9MW3XU1YH39
134,Gram,Yankeev,Central American,Male,BC Arthritis,1CR9Q45MU56
135,Averill,Stanlock,Pima,Male,SHISEIDO SHEER AND PERFECT COMPACT (REFILL),1M19WD3GJ72
136,Robb,Ellesworthe,Pima,Male,Blur Relief,9PQ0VC9KV78
137,Muriel,Dunstone,Pakistani,Female,Acetazolamide,3VJ3FX5NY94
138,Peyter,Yukhnini,Colville,Male,Rejuvaderm MediSpa Acne Back,9QJ3ED0HH28
139,Daryle,Yoskowitz,Nicaraguan,Male,Epinephrine,6WH3F42VU29
140,Ariel,Cohani,White,Male,AMARANTHUS SPINOSUS POLLEN,8QC3X82TW59
141,Tim,Lusher,South American,Female,Lorazepam,3DX8NJ8VN72
142,Bunnie,Tomowicz,Thai,Non-binary,ACTIMMUNE,8F29CK5EV24
143,Robinette,Jaquet,Sri Lankan,Female,MEGACE,8CJ6QD9VN79
144,Frieda,Gibbett,Chamorro,Female,harmon face values allergy relief,7H72AN5WE46
145,Ambrosi,Shutte,Uruguayan,Male,Minoxidil,1DK4G38GJ32
146,Myrta,Northern,Uruguayan,Female,HOUSE DUST,9U80NR1EQ10
147,Abbie,Pinckney,Vietnamese,Agender,Ruby-Cell 4U B B 10 in 1,7QD8NC7PP16
148,Britt,Dentith,Tlingit-Haida,Male,Nivea A Kiss of Vitamin Swirl Antioxidant Enriched Lip Care,8QY5DD5MV94
149,Latrena,Sines,Costa Rican,Female,Antibacterial Foaming Hand Cleanser,7JW5A24FW78
150,Fayth,Rowson,Native Hawaiian and Other Pacific Islander (NHPI),Female,CVS Medicated Chest Rub,4KG3D80TE80
151,Roshelle,Linny,Laotian,Female,Prenatal Mega Antioxidant,9Q41Y70EC63
152,Angus,Oleszcuk,Sri Lankan,Male,Chest Congestion,4X70MD2VH86
153,Avrom,Schole,Choctaw,Male,Citrus Scent Antibacterial Hand Wipe,3WK0WC6JM10
154,Shurlocke,Nockolds,Eskimo,Male,Atralin,1W61QH7MD44
155,Jocelyn,Cumberpatch,Cuban,Female,Anti-Diarrheal,4XA6UX9XQ23
156,Clemence,Corballis,Paiute,Female,Doxazosin mesylate,7E78QC2QP26
157,Pernell,Ibbott,Melanesian,Male,Methotrexate,3DJ3DG1DH96
158,Jessey,Grishin,Salvadoran,Male,OxyContin,6JX8EA3WA03
159,Tandi,Bemwell,Sri Lankan,Female,CARE ONE,8MR0FH0UR67
160,Jo ann,Delue,Cambodian,Female,Nux vomica Chamomilla,7WU8NQ2HD43
161,Mandie,Nunes Nabarro,Houma,Female,ENALAPRIL MALEATE,4XN4TR6TH85
162,Starr,Scantlebury,Potawatomi,Female,Denti-Care Denti-Pro,1KG1QX1JH63
163,Steffie,Nyles,Guatemalan,Female,Longleaf Pine,2XV1K40YC40
164,Edyth,Asson,Cuban,Female,Topiramate,1N51AF8EE01
165,Marilee,Collete,Nicaraguan,Female,Adderall,9MU3JW0HX90
166,Yettie,Ramplee,Alaskan Athabascan,Female,Itchy Eye Drops,4J14TU8KG98
167,Sherm,Monro,Korean,Male,Sotalol Hydrochloride,7C07KJ3YN72
168,Kellen,Pexton,Ute,Female,Famotidine,1WG4C94JF63
169,Sabrina,Mayhead,Venezuelan,Female,PreNatal 19,7X24HP1TH61
170,Maury,Rought,Yuman,Male,FLU,4YM4JU1CD00
171,Linus,Bucknill,Nicaraguan,Male,PREMIUM HAND SANITIZER,2N00T84UA88
172,Gordie,Greetland,Chilean,Male,Amoxicillin,5E74AP0CA84
173,Hadlee,Olford,Yakama,Male,Hydrocodone Bitartrate And Acetaminophen,5MY9K74CT90
174,Nevil,Coultard,Guatemalan,Male,Olanzapine,3KT0TW1GD05
175,Mariam,Anglim,Chamorro,Female,Defensolito Children Syrup,3NA5GN1MX79
176,Rochester,O'Siaghail,Hmong,Male,Terconazole,2N60JD3JD19
177,Lela,Guyan,Honduran,Female,Atorvastatin Calcium,4X31H32GM20
178,Ann,Brownlow,Navajo,Female,Lithium Carbonate,4EV9WH0RY52
179,Pyotr,Sonschein,Crow,Male,ACNE CONTROL CLEANSER,7PJ9XD2KQ49
180,Daveta,Seale,Vietnamese,Female,Megestrol Acetate,2K10EU8YF12
181,Randolph,Camerati,Micronesian,Male,ASPERGILLUS NIGER,4WN8G27RJ98
182,Karlyn,Pudding,Sri Lankan,Female,Sunmark Nasal Spray,1RE1FU5JQ24
183,Mandi,McNally,White,Genderqueer,Y LAX DR,7FC4Y47RA05
184,Verla,Josuweit,Seminole,Female,TRAMADOL HYDROCHLORIDE,5UG3XH8DY25
185,Harriett,Vauls,Puget Sound Salish,Female,Sei Bella Age-Defying Liquid Foundation,9QY1GY4QR24
186,Mercie,Romi,Hmong,Female,Adenosine,3WN3CV5AK80
187,Quentin,Breslau,Native Hawaiian,Female,Nitrogen,4AJ4XX2QR91
188,Dolorita,Karslake,Panamanian,Female,SEROQUEL,3W78D29CC99
189,Lettie,Penas,Navajo,Female,Up and Up anti itch,8TN0RG6ND70
190,Gertrude,Lathom,Dominican (Dominican Republic),Female,RAMEDICA,5Y18Y64HJ23
191,Silvano,Hoopper,Bolivian,Male,Lotrel,4XW2Y75RA04
192,Maure,Bountiff,Micronesian,Female,Methocarbamol,8J62KJ3QY44
193,Valle,Croose,Blackfeet,Male,Rexall Ibuprofen,9TQ7CE6AJ11
194,Simone,Sorrell,White,Male,Rapid Repair Balm,1H51K70KW98
195,Hamlen,Eldrid,Pima,Male,Childrens Non Aspirin,3NR0PM6HC32
196,Livia,Steuart,Nicaraguan,Female,Atenolol,9MY3JR8YF30
197,Nelia,Pund,Comanche,Female,Uroxatral,6V29PK3KR90
198,Jeanie,Jacobbe,Dominican (Dominican Republic),Female,Mycophenolate mofetil,1G70TM3HU84
199,Rozanna,Levine,Ecuadorian,Female,DURAGESIC,7EM5QY5RT30
200,Kimberley,Wiltshaw,Venezuelan,Female,RYE FOOD,2PJ0WM4NG28
201,Caron,Mattinson,Puerto Rican,Female,Junel 1.5/30,2PX9FW5XK50
202,Patti,Pittaway,Ecuadorian,Female,Topiramate,5WA5V50JJ39
203,Ruggiero,Prudence,Cuban,Genderfluid,LOTEMAX,7MN0A97KE73
204,Robby,Serrurier,Sioux,Non-binary,Ketorolac Tromethamine,4QH7NE6PC19
205,Janine,Fearnsides,Central American,Female,SUPRANE,8KA4C41KU50
206,Gale,Antognetti,Mexican,Male,Tretinoin,7WM1J76TY58
207,Arlena,Addionizio,Choctaw,Female,3 CONCEPT EYES GLOSSING WATERFUL FOUNDATION NATURAL IVORY,2FF3NW6FR32
208,Marshal,Wigelsworth,Panamanian,Male,SENSODYNE,3VP0VY9PJ38
209,Hagen,Harry,Spaniard,Male,Chewable Adult Low Dose Aspirin,2C35UU1YR63
210,Raphaela,Dwelling,Pima,Female,Pantoprazole Sodium,6AE8J24YE12
211,Rik,Brobeck,White,Male,Entecavir,1FW5PM1UU16
212,Sigmund,Venneur,Apache,Male,Acetaminophen and Codeine,2QK7D30GC17
213,Shamus,Cristea,Korean,Male,Liothyronine sodium,7TE1Y78MR98
214,Gilbert,O'Bradain,Asian Indian,Male,Gold Antibacterial Hand Soap with Moisturizer,1H92HR1CP10
215,Etienne,Woolner,Ecuadorian,Male,Treatment Set TS330171,5PE6H66UW07
216,Ade,Dabinett,Cambodian,Male,Tussin Cough Long Acting,4KF3GD0PE18
217,Osbert,Perillo,Yuman,Male,Venlafaxine hydrochloride,9U79V58EY94
218,Tito,Coonan,Spaniard,Polygender,Personal Care Pyrithione Zinc Dandruff,9T83DA9JF33
219,Teador,Quixley,Chilean,Male,Ondansetron,6PV7EK8QM63
220,Rowen,Poulson,Melanesian,Male,venlafaxine,9GX6E71PK27
221,Mendy,Ketchen,Guatemalan,Male,CRESTOR,8M75NG7DK42
222,Robinet,Worsnap,Tongan,Male,Losortan Potassium,9JU5PY5CP67
223,Ilsa,Lacy,Apache,Agender,MYTAB For GAS,8H88RY2TC25
224,Sherwynd,Kinlock,Samoan,Male,Muscle Matrix,6KH5UX6HC41
225,Devlin,Kearn,Ottawa,Male,Amoxicillin and Clavulanate Potassium,1FY0RM3NC29
226,Johan,Sannes,Melanesian,Male,Ampicillin and Sulbactam,8ER0C26RU22
227,Ezmeralda,Schroter,Kiowa,Female,RANITIDINE,7MA0C93YM52
228,Cristina,Dugall,Tongan,Female,Fluconazole,2YX7A24AV83
229,Myrtice,Roch,Pueblo,Female,Acyclovir,9GD1PJ1YY52
230,Florentia,Baxstare,Chilean,Female,everyone Hand Sanitizer,9UX2DA5XN65
231,Benjie,White,Yakama,Male,Actos,3FY0QX0VC87
232,Jamie,Chaddock,Honduran,Male,good neighbor pharmacy milk of magnesia,3QH2W25UF92
233,Lynnelle,Trobridge,Chilean,Female,Modafinil,8T57MU6FG36
234,Ciro,Wye,Cambodian,Male,Coast Maple,3DW6RQ4GK63
235,Welbie,Konert,Ecuadorian,Male,Sodium Chloride for Irrigation,4G22P12KQ08
236,Janaye,Birtles,Tohono O'Odham,Female,LISINOPRIL,6MJ0QD9YA18
237,Weider,Pudsall,Cambodian,Non-binary,KICHO CC,1UJ4JQ8EY43
238,Luis,Belison,Mexican,Male,ALPROLIX,7P72P22CG31
239,Morganne,Habbes,Paiute,Female,SHISEIDO SHEER AND PERFECT COMPACT (REFILL),9PD9W41PN51
240,Adrien,Fursey,Taiwanese,Male,Long Acting Tussin Cough Gels,1TA6NU4MP02
241,Karilynn,Rawes,Iroquois,Female,Head and Shoulders,3AW5RM2ME69
242,Rosalind,Gomer,Bangladeshi,Genderfluid,Oregon Ash,5PP7P29TM32
243,Florry,Goning,Chippewa,Agender,Soltamox,9G38KQ6TP43
244,Demetrius,Woolger,Japanese,Male,Ceramide Lift And Firm Makeup Broad Spectrum Sunscreen SPF 15 Bisque,4HN1K23KR38
245,Letta,Wiltsher,Colville,Bigender,GAMMA -12,5U62M62CC20
246,Artair,Apperley,Korean,Agender,Potassium Chloride,8ED4V31KK41
247,Sonja,Saxon,Creek,Polygender,IPKN Moist and Firm BB 03 Light Medium,3J75U15WJ39
248,Freddy,Hartell,Yuman,Female,Nitrogen,3VY2T86WQ36
249,Tremain,Olechnowicz,Taiwanese,Male,Esgic,9CV6VE1WD84
250,Jacinthe,Shildrake,Chippewa,Female,healthy accents aspirin,3A69N97QJ76
251,Sander,Burgwyn,Lumbee,Male,Amazonian Clay 12-Hour Full Coverage Foundation Broad Spectrum SPF 15 Sunscreen,7D47EE0QW33
252,Jarib,Lafranconi,Japanese,Male,modafinil,3RU0TT8KH09
253,Shamus,Titley,Costa Rican,Male,Givenchy TEINT COUTURE Long Wearing Fluid Foundation with Sunscreen Broad Spectrum SPF 20 ELEGANT SIENNA,2DK3HD9UX70
254,Sherwood,Hurich,Argentinian,Male,Carvedilol,3U56H30JG95
255,Camella,O'Fearguise,Cuban,Female,Jasmine 3D Whipping Essence,9GC6KP4QE08
256,Teador,Cunney,Delaware,Male,Nitrogen,3MH2RP7DV30
257,Xerxes,Haxley,Navajo,Male,Ciprofloxacin,8VD3Q40MC27
258,Conrado,Oswell,Paraguayan,Male,Sinusin,4VE3DJ8WJ54
259,Yolane,McIlwrath,American Indian and Alaska Native (AIAN),Female,Total White Brightening,8JU6V14ED13
260,Stanleigh,Wimbush,Yakama,Male,Simvastatin,1MT0AH5QF85
261,Salem,Ffrench,Eskimo,Male,Lindane,3UW2JG0NE16
262,Ansel,Bertolin,Honduran,Male,THE BAMBOO OF DAMYANG MOISTURE,1Q29X42RC70
263,Kermie,Treadgall,Navajo,Male,Clorazepate dipotassium,2KH6YA2MY73
264,Bartie,Turri,Latin American Indian,Male,DEXEDRINE,1U25M01TP12
265,Jenn,Lillywhite,South American,Female,SCREAMIN HOT TOAST,3TM0TN1JW32
266,Hillie,Claxton,Bangladeshi,Male,Spigelia Anthelmia Kit Refill,4E17RT5HE06
267,Verla,Round,Venezuelan,Female,Wheat Bunt,1C95MM8NX95
268,Clemmy,Edel,Micronesian,Female,Head and Shoulders,8WG0MG9WY53
269,Baldwin,Headrick,Sioux,Male,all day pain relief,9HD4EJ6RR11
270,Hamel,Monkman,Lumbee,Male,Trazodone Hydrochloride,4DW4MF9UK19
271,Richmound,Baudts,Menominee,Male,Propranolol Hydrochloride,7A21U23TR24
272,Janie,Druery,Bangladeshi,Female,Morphine Sulfate,7Y55RM6QX02
273,Gwen,Hull,Iroquois,Female,ENALAPRIL MALEATE,2KV0D74XD41
274,Lorettalorna,Foley,Tlingit-Haida,Female,Daytrana,4QP0NA5GV77
275,Oralia,Nowakowski,Mexican,Female,Carbon Dioxide Oxygen Mix,7KM4HX7JM86
276,Ernesta,Iacomo,Puerto Rican,Female,MICOX,3V56KP4XA09
277,Errick,Pendre,Uruguayan,Male,TERUFLEX Blood Bag System Anticoagulant Citrate Phosphate Dextrose Adenine (CPDA-1),5X38VQ9WX68
278,Coleen,Engall,Cree,Female,American Beech,6XJ3H71UW88
279,Risa,Kinnane,Colombian,Female,Levothyroxine Sodium,7JE9NP9CP82
280,Coretta,Housen,Pima,Female,Dexamethasone Sodium Phosphate,2P03GH5WQ24
281,Halimeda,Seater,Malaysian,Genderqueer,Marlido 25 Kit,4MX5RM4TG78
282,Modestine,Dorset,Korean,Female,Lidocaine Hydrochloride,1NK6P59AA49
283,Ephraim,MacAleese,Laotian,Male,Fluconazole,1A26AJ3MC93
284,Debor,Vowells,Paiute,Female,Solbar Fifty SPF50,8QR2WJ6TA84
285,Nannie,MacAnellye,Alaska Native,Female,Helleborus e pl. tota 2,5EM3JG2YR86
286,Eydie,Goomes,Asian Indian,Female,CLONAZEPAM,8A26GH3DV60
287,Janean,Husher,Guatemalan,Female,Azithromycin,9C33GF8RR42
288,Westleigh,Garnsey,Dominican (Dominican Republic),Male,Cefuroxime axetil,1WE0QN4FD63
289,Goran,Pittle,Alaska Native,Male,Traumeel,5E39DF9XH48
290,Jayson,Lamyman,Seminole,Polygender,Alka-Seltzer Plus Cold Medicine Sparkling Original,5Y12GD7XM44
291,Aundrea,Safell,Costa Rican,Genderfluid,Cough,2NX0AF1YW09
292,Jessica,Venmore,Aleut,Female,BUSPIRONE HCl,3GR1A55KF88
293,Travers,Rosettini,Comanche,Agender,Best Choice,5WM1KA6QV78
294,Benton,Kniveton,Blackfeet,Genderqueer,fondaparinux sodium,4UD5V45PD26
295,Korella,Sanbrooke,Korean,Female,Rapamune,7K26PA2AX28
296,Dwight,Parnham,Seminole,Male,foundcealer 2-in-1 foundation and concealer Broad Spectrum SPF 15 Sunscreen,6NW9CA5VV72
297,Mel,Penwarden,Latin American Indian,Agender,Ibuprofen and Pseudoephedrine Hydrochloride,4R52FP4XR84
298,Wallas,Giraux,Menominee,Male,Metoprolol succinate,8N14M57MX10
299,Kass,Conws,Asian Indian,Non-binary,BERMUDA GRASS SMUT,4DG2UD3UR84
300,Bud,Hucker,Fijian,Male,Heparin Sodium,9TR3KT7AY16
301,Annice,Mosby,Native Hawaiian,Female,Haloperidol,8WP3R73UK80
302,Kristel,Vasilchenko,Indonesian,Female,Estazolam,5RP5XU5GM86
303,Vi,Kisbey,Asian,Female,Lisinopril,7CV9MY4YC99
304,Denna,Downes,Taiwanese,Female,EXTAVIA,6YX7YG1PQ07
305,Farly,Durward,Filipino,Male,Anticavity,7FG7MN7WV91
306,Rupert,Bussen,Puget Sound Salish,Bigender,Advanced Healing,7FX6JX6GV33
307,Lexi,Wildman,Alaskan Athabascan,Female,Glipizide,8FH1VF9PY27
308,Rip,Barrett,Osage,Male,Denavir,1M61K90QK09
309,Kameko,St Ledger,Polynesian,Female,Day time,1YW5QY9RM12
310,Esdras,Gert,Argentinian,Male,Botrytis cinerea,6Q47J82VX27
311,Tiffi,Greenhowe,Chilean,Female,AQUAFRESH,6AK8E79XJ50
312,Ilsa,Gelly,Guatemalan,Genderfluid,Finasteride,1P36R72UG92
313,Erna,Nottingam,Pueblo,Female,Rouge Dior Serum de Rouge Luminous Color Lip Treatment 660,6YM9G65YN49
314,Rhodie,Besnardeau,Crow,Female,Congestion Relief,6M43YT6VU51
315,Ozzie,Korpal,Central American,Male,good neighbor pharmacy pain relief,2HJ6A45FE97
316,Kerrie,Purdey,Chinese,Female,Acetaminophen - APAP 8 Hour,7F33QA2CJ64
317,Caroline,cornhill,Kiowa,Female,Celery,4JU4AP9PT86
318,Chlo,Wookey,Houma,Female,Navy Beans,5KK9U99KD05
319,Anatol,Longhirst,Shoshone,Male,antibacterial wet wipes,5Q47QD8QA96
320,Murry,Heaton,Mexican,Male,Clarins Rouge Hydra Nude - 03 Nude Beige,5X04UE3HP82
321,Markos,Southan,Spaniard,Male,CAREONE BACITRACIN,5V06AG9XA77
322,Jonell,Iwanowski,Navajo,Female,Synthroid,7W14K78NM31
323,Debbie,Armsby,Ecuadorian,Female,Rite Aid Soothing Medicated Anit-Itch,3JR2QG8VR75
324,Lester,McLean,Ecuadorian,Male,Mickey Sun Smacker SPF 24 Home Run Star Fruit,1Y38J75YK30
325,Clarie,Buttle,Bangladeshi,Female,INDOMETHACIN,3JW1FF7XH77
326,Richart,Imlin,Pueblo,Male,Iron Mix,5WY9RM0UD18
327,Angie,Cabera,Uruguayan,Female,Orphenadrine Citrate,8PX8M25KX06
328,Clarine,Bediss,Salvadoran,Female,Reef Safe SPF 45,8YY5T47CP74
329,Parsifal,Vigars,Central American,Male,Glyburide,7EJ4HY3WQ29
330,Quentin,Rydzynski,Delaware,Female,Sandimmune,8Y62U47YF87
331,Shawn,Gillcrist,Shoshone,Male,Adderall,1MF1P64XN18
332,Collen,Tarply,Choctaw,Female,Medi-Cortisone,1XU1K96FK62
333,Marie-jeanne,Tweed,Chilean,Female,Imipramine Pamoate,5YU9VC3PR95
334,Olvan,Cattellion,Salvadoran,Male,Differin,7VD7C28VN20
335,Maryrose,Manicom,Chickasaw,Female,Magnesium Sulfate,8CY0XQ3FT06
336,Vidovik,Van der Baaren,Yaqui,Male,CEFADROXIL,3N12VT8RX77
337,Myrlene,Woodcock,Thai,Female,Sodium Iodide I 123,7XF0G44KQ22
338,Xenia,Anstead,Melanesian,Female,BAUME PRODIGIEUX LEVRES 01 NATURAL CRYSTAL,2XN6KM3JT62
339,Morgen,Duiged,Puget Sound Salish,Female,FUNGUS MD,8F95MP0RU42
340,Sloane,Brinkler,Ottawa,Male,DEMEROL,1GY0HC1ND34
341,Rhodie,Burburough,Guatemalan,Female,Aspirin,4D47NM8AG87
342,Adiana,Mathewson,Laotian,Female,LIDODERM,4XQ4KR5UK15
343,Jessalin,Croley,Bangladeshi,Female,Naratriptan Hydrochloride,5VF7T57KT13
344,Camala,Sunman,Colville,Female,TERRASIL ANTI-FUNGAL TREATMENT,3F16AP6XD99
345,Nels,Eye,Sioux,Male,Bioelements,5T01KC8EU94
346,Darrell,Dudderidge,Cherokee,Male,Erythromycin-Benzoyl Peroxide,1J43E23UQ66
347,Jim,Norquay,Bolivian,Male,Dexamethasone Sodium Phosphate,8GM5XX1YK03
348,Torrie,Phillpotts,Fijian,Bigender,Ban,8A13YX0PY49
349,Rorie,Tomaszynski,Yuman,Female,DG HEALTH EXTRA STRENGTH MEDICATED,2K24GQ0MY15
350,Garner,Trobridge,Houma,Male,Aveed,9G29PU8VK37
351,Elijah,Pitcaithly,Fijian,Male,No7 Restore and Renew Day Sunscreen,7Y13YU8WU02
352,Ivette,Custard,Potawatomi,Female,Dr Bob Arnots Pain Pen,7U72NP3TV31
353,Locke,Eastbury,Menominee,Male,SMITH BROS NON-DROWSY DAY TIME COLD and FLU,5UM5JW0YQ47
354,Roana,Andresser,Polynesian,Female,HAWAIIAN Tropic,1Q75AA6WH70
355,Goober,McGunley,Guamanian,Male,Hydralazine Hydrochloride,7GT9V93CG69
356,Janene,Fulbrook,Blackfeet,Female,Hydrocodone Bitartrate and Acetaminophen,5W46NC6CF69
357,Horatius,Rumming,Nicaraguan,Male,Nicotine,9ET2NK0PG64
358,Nolana,Layborn,Polynesian,Female,Sunmark Caldiphen,8JT5VQ3YW77
359,Denyse,Piwall,Asian,Female,PRAMIPEXOLE DIHYDROCHLORIDE,8T77H04XX18
360,Nathalie,Skeldon,Mexican,Female,Physicians EZ Use B-12 Compliance,2YY5D34EH61
361,Fidelia,McIlvenna,Kiowa,Female,Bisoprolol Fumarate and Hydrochlorothiazide,9FD8JC6UW47
362,Forrester,Dommersen,Malaysian,Male,Clindamycin Hydrochloride,3UM3MR5PM37
363,Brockie,Onraet,Nicaraguan,Male,Childrens Pain Relief,8W33M70VA21
364,Toiboid,Dearden,Osage,Genderfluid,Fiber laxative,9EN0QG6YM09
365,Lorilyn,Hurler,Peruvian,Female,GUINEA PIG HAIR AND EPITHELIA,8XT3KH6ER37
366,Jourdan,Di Batista,Japanese,Female,Levonorgestrel and Ethinyl Estradiol,2R41C89XN40
367,Simon,Spens,Houma,Male,Amlodipine Besylate,9KX0DP6GT73
368,Yoshiko,Seide,Tongan,Female,Niaspan,9CK1U50WU90
369,Colin,McTurlough,Black or African American,Male,Sleep Aid,4DN1JA9XX47
370,Danni,Abele,Choctaw,Female,Simvastatin,3DT5DD6NR73
371,Herve,Astill,Dominican (Dominican Republic),Male,Low Dose Aspirin,8TR5C94GR77
372,Tresa,Spier,Tlingit-Haida,Female,Gabapentin,2Q13GC9JM00
373,Wini,Caris,Paraguayan,Female,meloxicam,3KY0N21UD45
374,Lynne,Kaser,Malaysian,Female,Vibativ,8DV2Q74MQ73
375,Karola,Cudd,Pima,Female,Dove,9KA5D72CE14
376,Hayden,Paggitt,Lumbee,Male,Helminthosporium,9NM4EF5QY08
377,Sallyanne,Beardwood,Melanesian,Female,Lomotil,7YW8NV4RX53
378,Traver,Pheasant,Tongan,Male,Phentermine Hydrochloride,1KN5RK3NA84
379,Essa,Chinge,Dominican (Dominican Republic),Female,Walgreens Chap Aid Regular Lip Balm,6NP2J96AN93
380,Laney,Ashwood,Houma,Female,Buspirone HCl,9K75PA9CH08
381,Gilbertina,Realph,Colombian,Female,Tindazole,1QD0QH4WA88
382,Dory,Mc-Kerley,Taiwanese,Female,Balsam Poplar,2GF0VP4DY60
383,Saunders,Mulkerrins,White,Male,MICRhoGAM Ultra-Filtered PLUS,3KN6KW0DV37
384,Honoria,Summerbell,Ute,Female,Betimol,5MM0P20NT64
385,Hendrika,Marwood,Filipino,Female,Aptiom,1DR6U54YJ03
386,Otes,McDiarmid,Paraguayan,Male,Ibuprofen,2E92RA3TG68
387,Danya,Grelak,Tongan,Female,Biaxin,4PV7FX0FC52
388,Nadiya,Grocutt,Pakistani,Polygender,KERANIQUE For Women Hair Regrowth Treatment,9KG3WX3FY74
389,Mikol,Goldsby,Houma,Male,Ocean Potion Quick Dry Kids 50 Sunscreen,6TM7QM9YM28
390,Rriocard,Ratazzi,Creek,Genderfluid,Degree,4V44FA2NA90
391,Margarette,Angus,Shoshone,Female,Fluphenazine Decanoate,9KG7AT5VU13
392,Roi,Bratten,Central American,Male,Methimazole,6Y87VQ6FC88
393,Kaine,Puddle,Melanesian,Genderfluid,Amcinonide,5NG0V08TE92
394,Allin,Corhard,Sioux,Male,smart sense Complete,9YA7CN0ET03
395,Kendrick,Colten,Eskimo,Male,Tramadol Hydrochloride and Acetaminophen,4TU3M78RA02
396,Torrence,Chippindall,Chilean,Bigender,Depo-Medrol,1AM0NQ2UK86
397,Isa,Pepall,Honduran,Female,Pineapple,4WG7KU4PT80
398,Patricia,Spragge,Argentinian,Female,hemorrhoidal,9VT3MX0MX57
399,Jervis,Feyer,Aleut,Male,Cocoa Latte Tinted Moisturizer Broad Spectrum SPF 25 Sunscreen Medium To Dark,1JK3RH9DF69
400,Tull,Leindecker,Ute,Male,Megestrol Acetate,2CN2V71KG67
401,Dyan,Norquoy,American Indian and Alaska Native (AIAN),Female,Complete Allergy 4 Kids,5T07AR9YJ49
402,Carola,Kirwin,Malaysian,Female,Degree for Men Sport,8AH9G58UT44
403,Delmor,Bowerbank,Cuban,Male,Stay Awake,5AH3PV0YJ59
404,Shayne,Stowe,Bolivian,Male,Olay Regenerist,7TM9U08FA09
405,Anthiathia,Karet,Alaskan Athabascan,Female,ED A-HIST,7A61W19QF50
406,Eduardo,Eamer,Bangladeshi,Male,Colgate Fresh Mint,8K00M16UW10
407,Ross,Shellcross,Paraguayan,Male,ED A-HIST,6D58QH1VJ42
408,Nat,Alvey,Uruguayan,Female,Docusol Kids,7X40HQ0WT40
409,Aldon,McGurk,Alaska Native,Male,Dolce and Gabbana The Foundation Perfect Matte,9Y75NQ1JG46
410,David,Muck,American Indian,Non-binary,Clobetasol Propionate,8AY9UF9FJ06
411,Ludvig,Lambourn,Ute,Male,Critic Aid Clear AF,6J64H52DA05
412,Breena,Lergan,Kiowa,Female,Healthy Accents Famotidine,6H30VM7AM28
413,Clarette,Handrick,Nicaraguan,Female,Naproxen,1QW3GH5HT09
414,Cornie,Coulthard,Sioux,Male,Hydralazine Hydrochloride,4YC1FH6FG42
415,Ben,Grundell,Colville,Male,Classic Care Apricot Scrub,1T07DR3NY83
416,Kameko,Lanigan,Houma,Female,Mepivacaine,2EE9UQ2MH07
417,Vaclav,Cuerdale,Vietnamese,Male,LBEL divine lip gloss SPF 15,7JQ8J91AM41
418,Bernadene,Tabour,Honduran,Female,Zolpidem Tartrate,7CY1YQ3ET42
419,Lyndy,Schultheiss,Taiwanese,Female,BABY ACNE,6NU0C82JN73
420,Haleigh,Spirit,Seminole,Female,Black Radiance True Complexion BB Cream SPF 15,4A94W52WP93
421,Kathlin,Lundbech,Paraguayan,Female,Amitriptyline Hydrochloride,9C55UE0QN67
422,Koren,Arman,Yakama,Female,Silver Sulfadiazene,3FC9RV5RN84
423,Shir,Gostyke,Thai,Female,Vital Weight Loss,8JX5RN9PG89
424,Ancell,Woollhead,Indonesian,Male,MK Alcohol Prep Pads Medium,2RG0DM6RV69
425,Ruperto,Lambird,Pima,Male,HydrOXYzine hydrochloride,6VQ0AJ2UW67
426,Addie,Clue,American Indian,Female,Diclofenac Sodium,1CC5NQ0TW41
427,Nye,Notman,Polynesian,Male,PERIGIENE,1UG6CM3DK86
428,Catriona,Hutcheons,Osage,Female,Spigelia Anthelmia Kit Refill,3TD9FW1KF62
429,Karim,Mullin,Spaniard,Polygender,Eczema,8YF9H87GJ14
430,Mechelle,Broadey,Ute,Female,Vida Mia Hand Sanitizer Aloe Vera,7X08WA5GC26
431,Thorpe,Balazin,Osage,Male,acyclovir,6RD5YG6PM16
432,Brantley,Revitt,Venezuelan,Agender,"Carbidopa, levodopa and entacapone",3X66P40PH47
433,Anderson,Gretton,Panamanian,Male,Nabumetone,7W99EP0JV55
434,Staford,Marven,Laotian,Male,Skin Tag Remover,4K89CU4PP05
435,Stacia,Mattin,Laotian,Genderfluid,ESIKA HD COLOR HIGH DEFINITION COLOR SPF 20,9CF8VM6NQ44
436,Lishe,Sandaver,Yaqui,Female,Cefaclor,4NR0P94HH27
437,Nerta,Clibbery,Bangladeshi,Female,equaline hair regrowth treatment for men,2M21PM3CF16
438,Lynette,O'Cannon,Asian,Bigender,Ergotamine Tartrate and Caffeine,2CK4UJ8HR31
439,Rodolphe,Wrangle,Dominican (Dominican Republic),Male,Pioglitazone,4C17NM9GD88
440,Marybelle,Gowenlock,Bolivian,Female,Miracle Worker SPF 55,2N85RT1YM19
441,Jobye,Gilson,Puget Sound Salish,Female,Chelidonium Curcuma,6XX6QM9CD97
442,Gunar,Clouter,Pima,Male,Theo-24,2WA2KU8GP31
443,Jeffry,Fitzsymon,Korean,Male,Sandostatin,1G77J25KH20
444,Ebba,Barns,Ecuadorian,Female,Nortriptyline Hydrochloride,8FY5NX3KG05
445,Fairlie,Hyman,Filipino,Male,Peptic Relief,7KH8W70KC37
446,Lazaro,Sparshatt,Mexican,Male,Venlafaxine Hydrochloride,1M99UU3CH32
447,Lowrance,Chave,Creek,Agender,Hemorrhoids,4GA8ED8HF36
448,Belicia,Tribbeck,Nicaraguan,Polygender,Neutrogena Ageless Intensives Tone Correcting Tinted Daily Moisturizer,1EP7FK3NM46
449,Jillayne,Castanone,Cherokee,Female,Acetylcholine Chloride,1A63A80DY56
450,Dorthy,Yarnley,American Indian,Female,Zep E-2 Foaming Sanitizing Hand Cleaner,3VE9M07UW35
451,Valma,MacIllrick,Tohono O'Odham,Female,YINCHIAO,1DM3M88VR84
452,Jody,Gard,Polynesian,Male,INSTANT HAND SANITIZER,9XR3UN9AT01
453,Georgy,Crick,Honduran,Male,MORUS ALBA POLLEN,1JE3W73TM99
454,Catharina,Huebner,Bangladeshi,Female,Protriptyline Hydrochloride,1Y06UA2JU56
455,Maurita,Oxbrow,Ottawa,Female,Aveeno Anti Itch Concentrated,3WH5HA5QM45
456,Jesus,Jeenes,Creek,Male,Lorazepam,7K94MY0XR42
457,Roseanna,Vondracek,Ottawa,Female,Virt-Vite Plus,4G32MU4MA45
458,Coreen,Burgne,Thai,Female,Heavy Duty Hand Cleaner,2WT0MA1TN28
459,Ulrikaumeko,Polland,Alaskan Athabascan,Female,Dilantin,3KR4U69MG14
460,Juliann,Mairs,Puget Sound Salish,Female,MANICURE BY OPI - FINISHING BUTTER,9DY7A60WG99
461,Sly,Dahmke,Dominican (Dominican Republic),Male,Methimazole,3H97J96GD81
462,Inger,Renshaw,Korean,Female,Henry Schein Acetaminophen,5CR1KQ4AN32
463,Kearney,Briddle,Osage,Male,NUGA TOURCIA,8TJ8T07QR91
464,Erminia,McGinly,Dominican (Dominican Republic),Female,LBEL COULEUR LUXE AMPLIFIER XP,3JV6UM5EP93
465,Waylin,Hinchshaw,Panamanian,Male,OXECTA,7GQ2W21XR45
466,Glendon,Farmery,Tohono O'Odham,Male,RITUALS precious mineral foundation broad spectrum SPF 15 sunscreen SHADE 11,7E70YK1MX67
467,Stephanus,Mainz,Uruguayan,Male,999 ITCH RELIEF,5TT6RR9MV49
468,Denyse,Dalgardno,Osage,Female,Cedar X Children Formula,1E26VR1PE34
469,Cello,Ranscome,Dominican (Dominican Republic),Male,"Sulfacetamide Sodium, Sulfur",1RH7WY9AU83
470,Ingemar,Frape,Peruvian,Male,Omeprazole Magnesium,5DJ6A49FD31
471,Vevay,Edelman,Paraguayan,Non-binary,Stool Softener and Stimulant Laxative,9YN2XJ4HA32
472,Vergil,Brahms,Micronesian,Male,Eight Hour Cream Lip Protectant Sheer Tint SPF 15 Honey,5WG0F54FC25
473,Vince,Trowel,Colombian,Polygender,Stool Softener,1D35J96HT66
474,Sloane,Knibbs,Apache,Male,Nystatin and Triamcinolone Acetonide,2AY7EP8QD14
475,Adeline,Cottesford,Thai,Female,Kit for the Preparation of Technetium Tc99m Disofenin,7F79CT8HW10
476,Corenda,Hillin,Cree,Bigender,Spironolactone,4M16YH0VN43
477,Angel,Byneth,Filipino,Female,Asepxia,2U92R08HE87
478,Wilmette,Lillistone,Native Hawaiian,Female,Dexferrum,2A30Q79JH91
479,Connor,Withrop,Vietnamese,Male,Atenolol,5KG5HT3XE72
480,Shena,Everist,Chinese,Bigender,Zyprexa,2M55W33TM15
481,Ephrem,Blowers,Tongan,Male,IBU,1FA1UP2GH88
482,Aube,Skerratt,Cree,Male,Silicea Kit Refill,3Q12HT1DV06
483,Sylas,Maytom,Guamanian,Male,Amoxicillin and Clavulanate Potassium,5YW7A85CJ95
484,Elijah,Minichillo,Taiwanese,Male,Instant Hand Sanitizer Lemon Drop,1YR7ET6KP80
485,Debby,Bennellick,Yuman,Female,Energize RXS,4T78VE0TH26
486,Paule,Dudgeon,Ecuadorian,Agender,Nicotine,5D13K14CF74
487,Lucienne,Sivil,Colville,Female,Wormwood,8N90HM7AM57
488,Farly,Fuke,Colville,Male,The Original Mane n Tail Daily Control Anti Dandruff Conditioner,4N85D82MH56
489,Estevan,MacGray,Dominican (Dominican Republic),Male,ARC Skin Protectant,2PY5VM5JA27
490,Sargent,Delleschi,Pima,Polygender,Sertraline Hydrochloride,2U30YD3XU77
491,Wolfie,Carruth,Sri Lankan,Male,Acne Astringent Toner Pads,6T10X39TN43
492,Sanford,Fuzzens,Chippewa,Male,Icy Hot Medicated Roll Large,6Q77FJ4QX90
493,Alayne,Kendal,White,Female,equaline heartburn prevention,9YY7YA7HJ47
494,Tootsie,Simonato,Native Hawaiian,Female,CPDA-1,6AR9GQ3HV65
495,Cecelia,Phizacklea,Asian Indian,Female,Infants Ibuprofen,1WR3Q86CT64
496,Neddy,Cleland,Pakistani,Male,LEVOXYL,6KX7CF6ED44
497,Shelley,Axcel,Honduran,Male,Stridex,2QN4C33PD63
498,Bart,Halksworth,Asian Indian,Male,Oxycodone and Acetaminophen,1F00J83WY76
499,Ollie,McRavey,Sioux,Male,Sore Throat,3TN0JE5YW60
500,Barbey,Trineman,Uruguayan,Genderqueer,Zoloft,2WY5E76EV15
501,Leila,Rylett,Guatemalan,Female,Suave,5FR7DF6DA77
502,Ulrika,Mulmuray,Sri Lankan,Female,Cold Spot,1AU3MK9HP54
503,Lorrie,Dumphry,Sioux,Male,Neutrogena Rapid Clear,7GC0CD2HP04
504,Alaster,Chable,Honduran,Male,IQQU Advanced Sunscreen SPF 50,4CU3Y83TF67
505,Zane,Krolle,Cree,Male,Food Service Soap,1CX9EH7JE80
506,Tory,Pettiford,Ecuadorian,Female,mucus relief,3PY9XN7DC79
507,Nonnah,Beeckx,Native Hawaiian and Other Pacific Islander (NHPI),Female,Venlafaxine Hydrochloride,3CX7A35QU19
508,Amalita,McGahy,Colombian,Female,Gemfibrozil,3YW4RT6VA62
509,Dwain,Quibell,Asian,Male,Terazosin Hydrochloride,8R67Q77EX48
510,Mead,McCarrick,Aleut,Male,Carrington Moisture Barrier,3WF5M76VV48
511,Torrence,Greader,Pueblo,Male,ShopRite Ni Calm,2KQ8JY3YV86
512,Gasparo,Kemble,Guatemalan,Male,Polyethylene Glycol 3350,5NX9R00CC79
513,Franciskus,Elfitt,Navajo,Male,CUTICURA MEDICATED ANTIBACTERIAL BAR,4X91KK5VP71
514,Cesare,Doohan,Yuman,Male,Dibucaine,1FJ4CQ2EA58
515,Prudy,Macilhench,Cuban,Female,Latanoprost,6HA8YG4MG17
516,Boote,Hartigan,Hmong,Agender,Oxcarbazepine,1NN1X66WC73
517,Cayla,Thick,Taiwanese,Female,Anti-Bacterial Hand,2M31HQ6QY29
518,Had,Smead,Pueblo,Male,Oxygen,2R18CV3YA11
519,Kinna,Kenrat,Colville,Female,"Standardized Mite, Dermatophagoides farinae, Bulk, 10000 AU per mL",1AR4KM1XX15
520,Margi,Fake,Asian Indian,Female,Anpituapar,1RE9DM4QT20
521,Regan,Blunt,Latin American Indian,Male,SKIN79 SNAIL NUTRITION BBCREAM,8K25KG8EX98
522,Iago,Bedinham,Delaware,Male,ALOE UP PRO 50,8AN8P55AQ62
523,Vivi,Giamelli,Cherokee,Non-binary,Diltiazem Hydrochloride,9HD9PG2FD21
524,Meggie,Ayerst,Ecuadorian,Female,Oxycodone Hydrochloride,9F58Q61FH03
525,Dacie,Nassie,Alaska Native,Female,Prialt,3F44G73WV29
526,Nil,Winstanley,Filipino,Male,Baby Healing,7E29UV4WA69
527,Averyl,Hellens,Potawatomi,Female,BabyGanics Alcohol Free Foaming Hand Sanitizer,7ME9FC1VA31
528,Bailie,Fraschini,Iroquois,Male,MANDARIN ORANGE AND LEMON ANTIBACTERIAL SANITIZER,6UT1V52NX66
529,Cornelle,Faircliff,Panamanian,Female,Triamcinolone Acetonide,9G14JX0QK67
530,Zonnya,Reynoollds,Seminole,Female,leader childrens pain and fever,8D55JV9HK29
531,Noble,Jimson,Creek,Male,Flaxseed,8PT8NP5FX41
532,Ertha,Sollime,Cherokee,Female,Coppertone Sport Continuous,4YE3NR6TM84
533,Lesley,Gooday,Guatemalan,Male,Glipizide and Metformin HCl,2YR9XF0HA47
534,Micky,Sproule,Blackfeet,Male,Prandin,2Q63PH5NX35
535,Porter,McGinn,Vietnamese,Male,Sooryehan Pure-Whitening Essence,9NP3QC7CD19
536,Joline,Casin,Bangladeshi,Female,ULTRACET,4YK8X93PN99
537,Hayyim,Blyde,Mexican,Male,Protonix,9KG6VH2DT97
538,Robin,Denison,Tlingit-Haida,Male,SPF-30 BB,6QA5E62VR46
539,Kiele,Meindl,Yaqui,Female,Equate Nicotine,2J36T33PH07
540,Jacquenette,D'Oyly,Osage,Female,Anticoagulant Citrate Dextrose A,3VC2GH3GK58
541,Bili,Chowne,Alaskan Athabascan,Female,Helium,4A88QC4WG40
542,Dotty,Sivier,Spaniard,Female,CareOne Daytime Cold Flu Relief,8V82F18YT68
543,Staford,Hazel,Fijian,Male,Cheratussin AC,7AQ1XD7GK62
544,Tanhya,Healy,Spaniard,Female,Zenzedi,8WX9X84EJ46
545,Gary,Humbey,Cheyenne,Male,DOLOPHINE HYDROCHLORIDE,1NT7DN7XA36
546,Marylynne,MacAlaster,Navajo,Female,GERI-MOX MAX CHERRY,3QR7KJ7XU06
547,Merle,Berk,Eskimo,Male,Daily Moisturizing,1MG8WV2VJ48
548,Evaleen,Kennea,Taiwanese,Female,Irbesartan and Hydrochlorothiazide,1QX1V16PN53
549,Davita,Catherine,Houma,Female,pain and fever,5G36YU0DM33
550,Arabela,Vasyagin,Thai,Female,Potassium Chloride,9G66JX0CV69
551,Vidovik,Carles,Colombian,Male,Perrigo Benzoyl Peroxide,8PJ4X83AC54
552,Barry,Yorke,Guamanian,Genderfluid,RUMEX ACETOSELLA POLLEN,6E36NV1CN26
553,Emlyn,Winteringham,Polynesian,Female,Tamiflu,2WQ1DQ8CY35
554,Dorothy,Brilleman,Mexican,Female,Rubbing,5WG6TU3FN19
555,Fredrick,Blayney,Laotian,Male,Waterless Fragrance Free Hand Sanitizer,6HG1C58FD11
556,Clayborne,Malin,Salvadoran,Male,HUMCO Potassium Chloride Oral Solution 10%,3NH5AK2VV38
557,Tybi,Mabone,Pima,Non-binary,Methocarbamol,1J73DY3QR02
558,Lisabeth,Lander,Cheyenne,Female,POLYMYXIN B SULFATE and TRIMETHOPRIM SULFATE,5U09R53RA42
559,Robena,Sircombe,Colombian,Female,Flexitol Medicated Foot,5YY3RT4UA32
560,Addison,Dymock,Uruguayan,Male,PURELL Advanced Hand Sanitizer O Christmas Tree,7PR3PM6JT96
561,Claudius,Trowler,Polynesian,Male,Equisteum Iris Rash Relief,3PJ3EN9CE44
562,Vivien,Laing,Nicaraguan,Female,GOOD SENSE IBUPROFEN,3JA5TP9XM19
563,Cheri,Cottie,Bangladeshi,Female,Lisinopril,7GW1R98EX68
564,Hugues,Roomes,Salvadoran,Male,ESIKA,2V26ET9UQ87
565,Hayyim,Clulee,Crow,Male,Ibuprofen,7QH6M33TY27
566,Daniel,MacRury,Puerto Rican,Male,Vyvanse,8JJ8DV2JJ92
567,Mahmud,Sarl,Paraguayan,Male,Halls,6RY8T15WR54
568,Norene,Caswell,Salvadoran,Bigender,Pepto-Bismol and Pepto-Bismol To Go,6K99N46EW80
569,Irvine,Ollerenshaw,Pakistani,Male,Fluphenazine Hydrochloride,9QW6RP6EN98
570,Daren,Deuss,Yuman,Male,MEGACE,7NG0CQ7HX78
571,Kacey,Leahy,Salvadoran,Female,Trileptal,3Y90U29VK57
572,Malena,Vines,Colombian,Female,Morphine Sulfate,2AD4CN4QJ59
573,Shaina,Goldstone,Colville,Non-binary,AcetaZOLAMIDE,1YP3C69HR40
574,Lilli,Downgate,Aleut,Female,Depo-Medrol,9YG9AN1JH11
575,Marshal,Mixworthy,Cuban,Male,Oxcarbazepine,7U20K61MA49
576,Siana,Meconi,Bolivian,Female,Rat Epithelium,8NW9WP1JF36
577,Edeline,Borrowman,Houma,Female,Paricalcitol,6K83J51VW92
578,Phillis,Vittori,American Indian,Female,Methylin,7CH4J66HT89
579,Adena,Nazer,Salvadoran,Female,Fair and Square Antibacterial with Moisturizers,5DX5WM3GF22
580,Clara,Stairmond,Asian Indian,Female,Body Blends Vanilla Sugar Anti-bacterial Hand Sanitizer,3XY5UG5QA78
581,Pepi,Hogben,Korean,Female,Dandruff,6J78JR2YV00
582,Gabie,Landells,Chamorro,Male,equate antacid,9XG9VQ6MT59
583,Zebadiah,Skitterel,Colombian,Male,Ludent,3PR0EC7RC21
584,Wilt,Schiell,Panamanian,Male,Penicillin V Potassium,3CV5WK9PM12
585,Tobin,Kydde,Venezuelan,Polygender,Conquest,5T04KQ6GF15
586,Carri,Blasio,Spaniard,Female,Chlorzoxazone,4GX7PE7PH59
587,Travers,Lafuente,Blackfeet,Male,Sani Professional Brand Sani-Hands for Kids,9H89MC8JY47
588,Farrand,Western,Cree,Female,ESIKA,9P15RC3HT99
589,Renell,Cundey,Micronesian,Female,COLGATE SENSITIVE SMARTFOAM WITH WHITENING,4MV7K29UT75
590,Roley,Offen,Bangladeshi,Male,HealthMart Chest Congestion Relief,6JE8E58PD72
591,Foss,Sisley,Indonesian,Male,Firebush/Burning Bush,2V95N08HC76
592,Shelby,Bassom,Menominee,Female,EXENCE WHITE,1MT1C53PH68
593,Cyndi,Birckmann,Alaska Native,Female,Solidago,6VC0FW6RE55
594,Sunny,Behnen,Tohono O'Odham,Female,PNV Prenatal Vitamin,9MU8PM2TY43
595,Sephira,Bagworth,Native Hawaiian and Other Pacific Islander (NHPI),Female,Fentanyl,7H57AW8RD58
596,Sande,Ranyelld,Paiute,Female,Fluoxetine,4RF7NA7QT96
597,Carey,Reeds,Native Hawaiian and Other Pacific Islander (NHPI),Female,Prednisone,4EN2R44VQ25
598,Dwayne,Kenton,Chilean,Male,DEMEROL,5X86PV7PJ77
599,Kristina,Batchelar,Asian,Female,Para Grass Pollen,5JX6PU6YE78
600,Giorgi,Exton,American Indian,Polygender,Ciclopirox,4RC2U29NR52
601,Ceil,Gater,Apache,Female,Everyday Clean Dandruff,1QP1H16VY01
602,Meyer,Dienes,Argentinian,Male,Suave,1WW0T76MG95
603,Windham,Edinburough,Houma,Male,Parlodel,4QA5RH5NU88
604,Ryon,Wiggington,Bolivian,Male,Citalopram Hydrobromide,5NV8JN0MA45
605,Adara,Musgrave,Sri Lankan,Bigender,SHISEIDO RADIANT LIFTING FOUNDATION,9XD1A42WQ91
606,Katine,Margerrison,Lumbee,Female,Diclofenac Sodium,4XE9RP6DW41
607,Merrel,Galvan,Vietnamese,Male,A and D First Aid,5GJ1U87JW33
608,Caresse,Brobyn,Samoan,Female,Maracuja Miracle Foundation 12-Hour Foundation Broad Spectrum SPF 15 Sunscreen,9AP3TU2VT42
609,Leone,Reece,Sioux,Polygender,Fondaparinux Sodium,4AM2M73VD49
610,Grenville,Voaden,Fijian,Male,Denti-Care Denti-Pro,3GD7GM6PD80
611,Lev,Chrismas,Chippewa,Male,Levetiracetam,3NM0P91MX36
612,Nina,Harfoot,Native Hawaiian and Other Pacific Islander (NHPI),Genderqueer,Aplenzin,9Y99VV4HH65
613,Connie,Jupp,Aleut,Female,ZUSKA,8DR0CG6GU11
614,Alexis,Huygens,Panamanian,Female,Colgate,2VC6VC1YX85
615,Francklyn,Draayer,Fijian,Male,Ondansetron,5W54JQ6RF14
616,Trixi,Oret,Latin American Indian,Female,Air,8P77KY7YW98
617,Debra,Burston,Tohono O'Odham,Female,Strattera,1RE3EY8KV73
618,Bevin,Redmire,Cherokee,Male,Pamprin Cramp Menstrual Pain Relief,3PV8T06NQ89
619,Jorgan,Healks,Vietnamese,Male,Terbutaline Sulfate,3D87A77FN65
620,Rozalie,Savill,Tlingit-Haida,Female,Glyburide and Metformin Hydrochloride,4EK9R83KP96
621,Hildagard,Mortlock,Nicaraguan,Female,ZOMIG ZMT,7AD1A95XE70
622,Konrad,Kippie,Sri Lankan,Male,Cor Aurum 6/10 Special Order,1CP1FD4KW44
623,Tobiah,Clarabut,White,Male,Ondansetron,5FE9F74AC02
624,Lyn,Ricciardiello,Cuban,Male,Armour Thyroid,1CU8CF6DC11
625,Sonja,Breese,Seminole,Female,ULMUS AMERICANA POLLEN,4XG0QQ0VX99
626,Norean,Foxton,Houma,Female,Diphenhydramine HCl,2QF0NA3RE17
627,Broderic,Kupis,Delaware,Male,Glimepiride,8K73J20GD38
628,Booth,Ramelet,Ute,Male,Laura Mercier Foundation Primer Protect,5YM5X65EF58
629,Vassily,Pudner,Black or African American,Male,PREPARATION H COOLING GEL,8M34GT2FX62
630,Ronica,Danigel,Japanese,Polygender,Chlorpromazine Hydrochloride,2MY5RA3RW46
631,Barr,Heel,Honduran,Male,"Food - Plant Source, Pea, Green or English Pisum sativum",9QN6C16PJ07
632,Demetre,Northover,Salvadoran,Male,ASPIRIN,1U44YV1HN00
633,Bertha,Sloss,South American,Female,Ziprasidone Hydrochloride,5PT7DP3UE88
634,Saunderson,Gaine of England,Hmong,Male,PENICILLIUM CHRYSOGENUM VAR CHRYSOGENUM,7U55K63WN47
635,Nye,MacFadin,Tohono O'Odham,Male,Lidocaine and Prilocaine,7QD0RH0PY42
636,Christopher,Bowra,Peruvian,Male,3LAB Aqua BB SPF 40 BROAD SPECTRUM 01,7A43MQ2GD20
637,Holt,Bragginton,Puerto Rican,Male,PROMETHAZINE HYDROCHLORIDE,1PE3Q95CQ88
638,Gannie,Meadmore,Chippewa,Male,Softlips Sugar Plum Berry,9MC4YK8KP26
639,Elonore,Tatnell,Ute,Female,Profilnine,2YF3Y68HA56
640,Andres,Scotchmer,Cherokee,Male,Escitalopram,2D20U01UM86
641,Sadella,MacKintosh,American Indian and Alaska Native (AIAN),Genderqueer,rHGH Complex,9C37DC2AU95
642,Dorine,Waldocke,Puget Sound Salish,Female,Aveeno Soothing Bath Treatment,4VM3HX9YP24
643,Belle,Seymark,Latin American Indian,Female,Zolpidem Tartrate,4GH0P80FR70
644,Corabel,Broxap,Melanesian,Genderfluid,Fexofenadine Hydrochloride,4AC6KM0EW14
645,Griffy,Peterkin,Iroquois,Male,CLIV Ginseng Berry Premium Ampoule,7WV1CQ5VA31
646,Ulrikaumeko,Bondesen,Ottawa,Female,Romazicon,1CT4RG0WQ26
647,Barbra,Milington,Spaniard,Female,Doxazosin Mesylate,8K82C49FU47
648,Dinah,Corsham,Aleut,Polygender,Azithromycin,2H06PY8CT40
649,Court,Poyner,Aleut,Male,Urban Defense,3VH2FQ3AE57
650,Pier,Sant,Comanche,Female,Neutrogena Healthy Skin Makeup,3QK6FW1JY35
651,Jonathon,Fillary,American Indian and Alaska Native (AIAN),Male,SudoGest,9V32TC4WH30
652,Carolee,Monro,Asian Indian,Female,Alba Hawaiian Coconut Siscreen SPF 15,9PP9DA4EF61
653,Edmon,Miroy,Hmong,Male,Ergocalciferol,8AR1HX6WM53
654,Judye,Barthram,Tlingit-Haida,Female,Childrens Acetaminophen Oral Suspension,2QA6WM1HE80
655,Barth,Canter,Shoshone,Male,Oxaprozin,6KP1DQ7DU89
656,Brandtr,Como,Creek,Male,Berkley and Jensen Pain Relief,2UU1M94YV58
657,Jamal,Miroy,Seminole,Male,CELEBREX,4ED6AY4DC55
658,Jasper,Towne,Salvadoran,Male,Neutrahist,8M50YP1ND03
659,Mady,Sibly,Honduran,Non-binary,Q-Tapp,7DR2QR8MM04
660,Alejandro,Marre,Seminole,Male,Methocarbamol,7G35U27PK81
661,Shaun,Mumbray,Venezuelan,Female,Lucky,8U48EY8NR03
662,Alfred,Glasspoole,Latin American Indian,Male,Spironolactone,7PX6RH7YC80
663,Brian,Stag,White,Male,Nilandron,2KX9NM5NA12
664,Brandais,Terne,Pima,Female,good sense nicotine,9W47TF8KU72
665,Bernhard,Rawsthorn,Yakama,Male,SHISEIDO RADIANT LIFTING FOUNDATION,3QE4U88GE25
666,Eduardo,Ambrogi,Melanesian,Male,Promethazine With Codeine Cough,1TU2R96YU66
667,Marcie,Sedwick,Guamanian,Female,pure petroleum,6MX0P01UH36
668,Saxon,Dabes,Menominee,Male,Anti-Diarrheal,6AC5TT7AK95
669,Rosalyn,Lidgertwood,Indonesian,Female,BENALDRYL,2KX8NT0VW26
670,Luke,Ridehalgh,Costa Rican,Male,Lubricant / Redness Reliever,8QX7YU2AJ42
671,Lorita,Iacovacci,Nicaraguan,Female,Triple Complex Nerve Tonic,9CC4TH1GH94
672,Joachim,Kertess,Apache,Male,Readi-Cat2 Banana Smoothie,9CY1PN7GG02
673,Giacinta,Tibb,Panamanian,Female,Oracit,3DH0HV9XW95
674,Godart,Gueny,Black or African American,Male,Berinert,6MQ9XW1HM73
675,Georgianna,Geely,Menominee,Female,Temazepam,2V88NC4KJ27
676,Farra,Flement,Melanesian,Female,RANITIDINE,2D63E35GW41
677,Marci,Pennell,Yakama,Female,Solodyn,2RH1GY3GM49
678,Sonnie,Indruch,Thai,Male,ZAREE All Kii Coconut Water,8R34K68YW56
679,Griffie,Fromant,Seminole,Male,Sulfamethoxazole and Trimethoprim,4VD0RV9HX82
680,Karole,Beniesh,Cambodian,Female,ATORVASTATIN CALCIUM,2W61JK5RT15
681,Zorah,Nelligan,Fijian,Female,Arnica Apis Nervus trigeminus Special Order,4XU9YY8RJ01
682,Anastasie,Yearns,Native Hawaiian,Female,Nephroplex,1YA8PA4DQ38
683,Mella,Carville,Filipino,Female,Sterile Cord Blood Collection Unit,6AN0N46VT00
684,Stafani,Francais,Kiowa,Female,HYDROCODONE BITARTRATE AND ACETAMINOPHEN,1YH4ME4PC07
685,Ginger,Claypole,Tohono O'Odham,Male,Protection,6RU3KJ3MH22
686,Selena,Basezzi,Melanesian,Female,Acneclir,5XU5QV2EJ41
687,Weber,Gowdy,Vietnamese,Polygender,Amitriptyline Hydrochloride,2JJ1HF7HW17
688,Brock,Redmille,Fijian,Male,Marcaine with Epinephrine,2JW0RN2JD74
689,Ilene,Andrey,Kiowa,Female,Anastrozole,3K85C12CJ83
690,Kenon,Esgate,Filipino,Male,Cefuroxime,4CC2DK0WH83
691,Culver,Frane,Pima,Male,infants,5WU0A58YU17
692,Alvinia,Ousby,Paiute,Polygender,O24,8FV6FQ7UM04
693,Fitzgerald,Lyal,Puget Sound Salish,Male,Accupril,3DT5XT6TD50
694,Fairfax,Nunn,Cree,Male,Ampicillin and Sulbactam,3J79YV3KK48
695,Audy,Gaize,Seminole,Female,Clonazepam,2XG0G09YD36
696,Allissa,Heaven,South American,Polygender,FAMILY CARE BACK PAIN THERAPY,6E37AJ7QC81
697,Ken,Fenners,Micronesian,Male,Docusate Sodium,1A73PR2NX89
698,Stanly,Redfearn,Honduran,Male,PURE SHEER,7ME5YN1AG93
699,Fayre,Mathan,Pakistani,Female,Ibuprofen,3XN1JR2TU14
700,Guglielma,Rhodes,Puget Sound Salish,Female,SEROQUEL,5NP0N02UH99
701,Adolpho,Gilliard,Paraguayan,Male,VESIcare,5F99TT2XF16
702,Lena,Puddephatt,Creek,Female,Metoclopramide,9XN5ED3EC66
703,Biddy,Littley,Costa Rican,Female,Cephalexin,3GP2VJ3NT52
704,Raddie,Longford,Colville,Male,Potassium Chloride,3KG4DA2EE31
705,Davie,Rainer,Tohono O'Odham,Male,ZOLPIDEM TARTRATE,3GA2WW1NY00
706,Broderic,Grundon,Blackfeet,Male,Cortomycin,9GP7KC9ED99
707,Bobette,Battyll,Chickasaw,Female,Atenolol,8W18Q55ND41
708,Flynn,Timoney,White,Male,Bacitracin zinc,6EV1RT1WY19
709,Jillie,Hale,Salvadoran,Female,DawnMist Unscented Roll-On Antiperspirant Deodorant,2W21GH7AE84
710,Valentine,Hedderly,Spaniard,Male,Daytime Cold and Flu Relief,8PM4RW8UT02
711,Billie,Jephson,Delaware,Male,LOreal Paris Advanced Suncare Silky Sheer Face 30 Broad Spectrum SPF 30 Sunscreen,1VM8U53UE77
712,Frederica,Pickrill,Creek,Female,Tender Moments,4QF3T31QD19
713,Willamina,Chant,Filipino,Female,Campath,6WW8QK1XK11
714,Genna,Goby,Cherokee,Female,SOUR DOCK SHEEP SORREL POLLEN,1HR7P22YV64
715,Jonas,Youles,Paraguayan,Male,Amoxicillin and Clavulanate Potassium,4G00C77AF43
716,Hale,O'Regan,Asian Indian,Male,SKINFOOD ALOE SUN BB,1A32DD7MT78
717,Liza,Joicey,Comanche,Female,SULPHO-LAC MEDICATED,6VR1JW6VH75
718,Jen,Lodovichi,Cuban,Female,Disulfiram,2N09FH0WY40
719,Cathleen,Shillabear,Korean,Polygender,Carbidopa and levodopa,2TD9AP7XC20
720,Stacy,Swainger,Paraguayan,Male,Nabumetone,8T46Y81VD91
721,Kendricks,Camamile,Alaskan Athabascan,Male,Mary Kay Tinted Lip Balm Sunscreen SPF 15 Poppy,3K47VA6YG97
722,Nikolaus,Kassel,Chickasaw,Male,AHC Whitening Special Gen Cream,3F90A98WX73
723,Beltran,Pitcock,American Indian and Alaska Native (AIAN),Male,BISACODYL,2GP8UP5KQ75
724,Hedwig,Postle,American Indian,Female,Tamsulosin Hydrochloride,3MJ8WT6FQ27
725,Michaela,Wahncke,Eskimo,Female,Amlodipine Besylate and Benazepril Hydrochloride,3Q53XC2AV31
726,Feodora,Erdely,Paraguayan,Female,NMC Staypot double programing cream,4ER8A96WN54
727,Tibold,Kernocke,Panamanian,Male,Lil Drug Store Ibuprofen,8F65WE1QA02
728,Sophie,Flagg,Costa Rican,Female,Albuked,1AU8FH6UG27
729,Philippine,Sobtka,Asian,Female,Western White Pine,9D92HU2CQ74
730,Jemimah,Bolte,Melanesian,Female,Synthroid,9Q54RK0JC07
731,Allan,Yurin,Panamanian,Male,Kiehls Since 1851 Activated Sun Protector Broad Spectrum SPF 30 Sunscreen for Body,5XR3PY9PJ96
732,Perren,Briston,Pakistani,Agender,HydrALAZINE Hydrochloride,7J84JK0GU53
733,Luce,Ciccotti,South American,Female,Clenia,4DM1P96GW34
734,Shaina,Harome,Salvadoran,Female,Pleo Pef,7CF9QW8YW33
735,Kattie,Petrovykh,Houma,Female,Doxycycline Hyclate,5AM6M78PA66
736,Estevan,Carlucci,Laotian,Male,Aveeno Active Naturals,9W54NU1JF17
737,Susette,Grundle,Menominee,Female,Mirtazapine,7WJ0NE7RJ13
738,Rutter,Lacheze,Colombian,Male,Abacavir Sulfate,1JF1WJ1GX18
739,Frayda,Farrens,Creek,Genderqueer,Shopko Antibacterial Deep Cleansing Hand,1FE6HQ1XY16
740,Mattie,Rossander,Colombian,Bigender,smart sense ibuprofen,8K92HW7GV35
741,Hughie,Jendrach,Venezuelan,Male,FIBERCON,4HN2J70JU25
742,Laurena,Witherup,Indonesian,Female,BareMinerals,6JU1J97XP71
743,April,Noell,Nicaraguan,Female,ALTHEUS,1U95QU6NQ77
744,Hewitt,Surfleet,Korean,Male,Antimicrobial Antiseptic Hand Wash,6UC7Q91GM53
745,Osgood,Wooles,Chamorro,Male,CHAPSTICK CLASSICS ORIGINAL,3P87FE6XH43
746,Vladimir,Plumridege,Chippewa,Male,ibuprofen pm,8J53HJ9TN40
747,Austen,Sheddan,Polynesian,Male,Treatment Set TS348405,9NM8PN1RP16
748,Marysa,Brimilcome,Native Hawaiian,Female,Zosyn,3QT2JE3TK09
749,Obie,Caslett,Thai,Male,Cardura,1GR8DR8GK07
750,Clemente,Illing,Bangladeshi,Male,albuterol sulfate,6HP6TY1JP00
751,Waneta,Loody,Cambodian,Female,Pure Finish Mineral Tinted Moisturizer SPF 15 Fair,4C21FA3UY03
752,Fin,Deyenhardt,Creek,Male,Feverall,6WC8V52RX50
753,Vikky,Ruddoch,Cuban,Female,DEXTROAMPHETAMINE SULFATE,2Y38Y01RJ45
754,Olympia,Cranstoun,Laotian,Female,HAND AND NATURE SANITIZER,9G98Y69PY31
755,Ronald,Crossland,Puerto Rican,Male,Extra Strength Acetaminohpen,8YA2EW9DJ45
756,Xerxes,Groll,Comanche,Male,"AIR, COMPRESSED",1Y31H49TG72
757,Jeannine,Jaycock,Puget Sound Salish,Female,Methocarbamol,5E16MV2RU89
758,Terri,Skitt,Pima,Male,lisinopril,4U34MT9DF85
759,Agosto,Serrurier,Puerto Rican,Male,EstroGel,9J46VH9FC72
760,Suzanne,Matussov,Colombian,Genderfluid,Olive Leaf Antibacterial Foaming Hand Wash,4K72G81JG50
761,Lidia,Dikes,Thai,Female,kirkland signature acetaminophen,8V87UC1NM37
762,Suzette,Bexon,Osage,Genderfluid,Skelaxin,7U26R43RQ55
763,Hortensia,Klimpke,Guatemalan,Female,Illusion Tinted Moisturizer Broad Spectrum Nude,2RQ6E86NM72
764,Shelia,Edlin,Kiowa,Female,ALO THERAPEUTIC MASSAGE PAIN RELIEVING,6XN2FT7QN71
765,Ailina,Coughlan,Colombian,Female,Midazolam HCl,5A11HG4WU12
766,Silvia,Tiuit,Guamanian,Female,Carvedilol,8GM4C29PX74
767,Bibby,Bentley,Black or African American,Female,"PIGWEED MIX, ROUGH/SPINY POLLEN",9Q33KE5MF97
768,Janeta,Di Domenico,Melanesian,Female,EROS AQUA,2WQ1E14QE43
769,Bruce,Cullingworth,Bolivian,Male,Apis Belladonna Special Order,4XJ3XA2FH93
770,Pattie,Beardsdale,Delaware,Polygender,Gold Bond Anti Itch,1KP1VX1UD12
771,Myrna,Parkes,Ute,Female,Being Well Body,7G03RQ2DQ44
772,Bev,Philippart,Colombian,Male,Mesenchyme Quercus,1N14GM4TF74
773,Tobiah,Bartholomieu,Tohono O'Odham,Male,Dakins Full,7C93KK7HM57
774,Randy,Brainsby,Sri Lankan,Male,Kids Flouride Rinse,1HU6C36GV96
775,Brina,Tilberry,Cuban,Female,CareOne Acid Reducer,5P55AV4HJ54
776,Roosevelt,Redhouse,Navajo,Male,Pure Transformation Sheer Light,9H06NE7QN30
777,Helge,Guppey,Puget Sound Salish,Female,Quartz 60 Special Order,1RG5JH6NG26
778,Gracia,Vertigan,Venezuelan,Female,Multi-System Support,8DP5GW7CW24
779,Marten,Brundill,Seminole,Male,Hawaiian Tropic Island Sport SPF 30 for Canada,1GM0JW2AJ79
780,Shelia,Ashwell,Paraguayan,Female,Hydrogen Peroxide,9JN2CT8NQ51
781,Nyssa,Ianinotti,Native Hawaiian and Other Pacific Islander (NHPI),Female,ReCreate Foundation,7C87XK5TA20
782,Holmes,Milnes,Guamanian,Male,Ciprofloxacin,3TK7C15JD49
783,Averil,Varnals,Alaska Native,Male,Hydrocortisone Maximum Strength,3XF2QG8NV96
784,Julee,Van der Hoeven,Panamanian,Female,Cleocin Hydrochloride,2J69F51FE99
785,Lewes,Gisbourn,Tlingit-Haida,Male,Psyldex,4D90NR7NV40
786,Merry,Penhaleurack,Delaware,Male,Amantadine Hydrochloride,7UU7NY4KY57
787,Abra,Corpes,Micronesian,Female,Sodium Chloride,9FD6J78UQ31
788,Lisha,Baggally,Cheyenne,Female,Acid Free-Flux,5TK0UK5MC61
789,Jessika,Seabert,Hmong,Female,Good Sense Nicotine,2C99FY3DP97
790,Derrik,Enderlein,Guamanian,Male,Night Time Original,2C51JW5GR54
791,Hebert,Catherine,Thai,Male,Morphine Sulfate,1P42RU1TK43
792,Hyacinthe,Canceller,Dominican (Dominican Republic),Female,Fluconazole,1WD2UM5MH10
793,Tito,Durnill,Thai,Male,Hydrogen Peroxide,4VN0K85YE24
794,Cindra,Mc Coughan,Taiwanese,Female,Topcare Fiber Laxative,7MA2AN8AH74
795,Glad,Passe,Cambodian,Female,Cefaclor,6TT9D25QN86
796,Pier,Dawber,Mexican,Female,Quetiapine Fumarate,2TU8VV1CE02
797,Shannon,Clemintoni,Cambodian,Female,Systemic Detox,3A66FM1JA48
798,Bud,Al Hirsi,Chickasaw,Male,Flawless Finish Dual Perfection Makeup SPF 8 Sunbeige,5PA9Q30WW26
799,Jemimah,Orange,Native Hawaiian,Female,REVIA,3F56QA8RG88
800,Brandea,Showers,South American,Female,antacid cherry flavored,3KT1EY7FT07
801,Gearard,Rolfo,Tlingit-Haida,Male,DIARRHEA,8VA1G29QX39
802,Delinda,Frye,Dominican (Dominican Republic),Female,Ceramide EyeWish Eye Sunscreen SPF 10,8TQ0JU9DH13
803,Maddi,Klambt,Taiwanese,Female,Ipratropium Bromide,6CU1DV1VU67
804,Raul,Osmar,Yaqui,Male,smart sense pain relief,7GE2TY4DV49
805,Conn,Truss,Japanese,Male,Omeprazole,9QX5H33FJ21
806,Fransisco,Booton,Alaska Native,Male,COVER FX PROTECTION PRIMER,4HE0V83FY74
807,Abigael,Hurleston,Chickasaw,Female,COBROXIN,9VD1A63RE97
808,Lucien,Sellor,Creek,Male,Allergy Attack Relief to Go,9P27X49HH26
809,Carmon,MacAlister,Cambodian,Female,Pneumoforce,7H28DX7XQ98
810,Eustace,Jumeau,Melanesian,Male,SAIZEN CLICKEASY,7DX5P47EC81
811,Yul,Benedicte,Guatemalan,Male,isosorbide mononitrate,1TH9F74HN91
812,Vernon,Rubinlicht,Kiowa,Male,DOUBLE PERFECTION LUMIERE,5F77FC5YF87
813,Georgeanna,Ravenscroftt,Crow,Female,Metoclopramide Hydrochloride,8TA3JP1CC06
814,Domeniga,Boom,Japanese,Female,Alcis Daily Relief Pain Relief,7Q68H11WW91
815,Lonee,De Cruce,Guatemalan,Genderfluid,Bellagio Sunscreen SPF 30,7R26XF5YY24
816,Siusan,Bednall,Hmong,Female,bisoprolol fumarate and hydrochlorothiazide,1N43G45MD65
817,Brendis,Nutkins,White,Male,ck one 3-in-1 face makeup,7Q51GU0XM96
818,Marcellina,Entres,Indonesian,Female,Penicillin V Potassium,7U33PJ1HW83
819,Erastus,Linnitt,Seminole,Male,Nitropress,2EV3YG6DD72
820,Eileen,Elnough,Paiute,Female,Zolpidem Tartrate,9Q04J16NJ92
821,Edy,Hussell,Filipino,Genderfluid,Doxepin Hydrochloride,9P56H01GR05
822,Calv,Fishlee,Pueblo,Male,HYZAAR,4AG8DF2GX32
823,Kristoffer,Hymus,Seminole,Male,Paroxetine,5A51HY7NC02
824,Freddie,Bellringer,Alaskan Athabascan,Male,AFLURIA,1A41C22QJ36
825,Gretel,Wilmut,Alaska Native,Female,BENZPHETAMINE HYDROCHLORIDE,5N34AN5DX37
826,Far,Palister,Micronesian,Male,Secret Fresh Effects,7HF3V49CN93
827,Milka,Beatey,Navajo,Female,Prednisone,3YK3J31EP59
828,Ailyn,Kemshell,Latin American Indian,Female,Penicillium notatum,5NV1PG2DX52
829,Holly,Sallans,Yaqui,Female,Furosemide,6R47EH3XE70
830,Eward,Backson,Pakistani,Male,Pravastatin sodium,8YQ9HD7JW98
831,Durant,Artin,Melanesian,Male,Metoprolol Tartrate,2JV3TT7TA43
832,Upton,Brasseur,Black or African American,Male,Candesartan cilexetil,9U71JA4WQ36
833,Roxanna,Isson,Colville,Female,pain relief,2V42CH4QM53
834,Zed,Wetherhead,Navajo,Male,Hamster Epithelium,9YK8DK8JR03
835,Corrianne,Crome,Native Hawaiian and Other Pacific Islander (NHPI),Female,Plasbumin,3Q15XA6MF67
836,Rhianon,Oldacres,Chinese,Bigender,Lidocaine Hydrochloride,7FJ1NC5WJ33
837,Carolina,Rohfsen,Chippewa,Female,LBEL Couleur luxe rouge irresistible maximum hydration SPF 17,3NP0JP8FQ75
838,Meghan,Abdon,Bolivian,Female,Night Relief Cough,5AY8DV6RE47
839,Merill,Carpenter,Yakama,Male,Hydrochlorothiazide,6EF3V39JD99
840,Leontyne,Moncaster,South American,Female,Instant Hand Sanitizer,9MU6V63AX84
841,Solly,Kneath,Cuban,Male,Allergy Eye Relief,1A66D67PH71
842,Forster,Vispo,Filipino,Male,Metoprolol Tartrate,3XX4E35YT88
843,Jefferson,Annets,American Indian,Male,STERILE WATER,2W24EG6QE12
844,Olympia,D'Alesco,Guatemalan,Female,Felodipine,7W31P65GY17
845,Marne,Spurdens,Native Hawaiian,Female,Stool Softener,5TX0QJ5XP46
846,Chris,Spowart,Dominican (Dominican Republic),Female,CLARINS Skin Illusion SPF 10 Natural Radiance Foundation Tint 117,2YN0PR2EP13
847,Lenette,Lalonde,Taiwanese,Female,Warfarin Sodium,8QD4XM5JQ04
848,Dollie,Saph,Chilean,Female,Brome Grass,4F81R31KA74
849,Florance,Fassman,Vietnamese,Female,ROBAFEN COUGH FORMULA,7ND1WV9DV65
850,Iolande,Marunchak,Alaskan Athabascan,Female,Nux vomica Chamomilla,1CQ9WX9AT10
851,Row,Warlow,Blackfeet,Female,Biore,5AM1PK2HU44
852,Skelly,Jain,Pueblo,Male,Treatment Set TS348467,6KC3A79DD50
853,Koenraad,Marzella,Cree,Male,Dilaudid,6V92EH4YH17
854,Denyse,Poli,Tongan,Female,Itch Relief,2VR8DN9HP88
855,Kalli,Enders,Cheyenne,Female,Desgen,3PC1JR4RK41
856,Xavier,Titford,Fijian,Male,SHISEIDO RADIANT LIFTING FOUNDATION,4TW7GU8FR36
857,Ruprecht,Dimmock,Colombian,Male,DIORSKIN NUDE BB CREME NUDE GLOW SKIN-PERFECTING BEAUTY BALM SUNSCREEN BROAD SPECTRUM SPF10 Tint 4,1YF4CT6AA66
858,Torr,Lepoidevin,Costa Rican,Male,Crest Complete Multi-Benefit,8TV2PC3GT95
859,Berna,Cotterel,Lumbee,Polygender,Lexapro,2TP0N77UJ17
860,Early,Meiningen,Lumbee,Male,Mucinex Sinus-Max,7F61DQ2FK07
861,Patsy,Reimers,Chamorro,Female,Nortriptyline Hydrochloride,9P71PY6QK84
862,Jae,Dudney,Native Hawaiian,Male,ABILIFY,8RH5CR4TE42
863,Arleta,Glasser,Tlingit-Haida,Female,Alka-Seltzer Plus,1V54WH5AN37
864,Essa,Eisig,Cherokee,Female,NATRUM SULPHURICUM,9X73CU3UP21
865,Adler,Guinane,Taiwanese,Male,LBEL COULEUR LUXE AMPLIFIER XP,6WH3YC3JA07
866,Maurise,Hartgill,Menominee,Female,Fissure Control,8H52JQ0PG93
867,Currey,Storey,Pueblo,Male,Morphine sulfate,8NC7UV0RT35
868,Jada,Okker,Argentinian,Female,Indomethacin,2N55PR0UJ37
869,Henri,Schimann,Cambodian,Male,Calamine,1JU1N74KH03
870,Eydie,Oxberry,Cree,Female,CLARINS Broad Spectrum SPF 20 Super Restorative Tinted Tint 03,5K66T48FK09
871,Cookie,Menico,Seminole,Female,FOAMING HAND SANITIZER,8WD3EP2CJ37
872,Kyle,Dinzey,Fijian,Male,LOTEMAX,3JX5F68PA62
873,Ynez,Cadagan,Tongan,Female,Recovatone,1V64XT3FP69
874,Brian,Andrejs,Sri Lankan,Male,Sure Invisible Solid Powder Scent,2GJ7Y65QV84
875,Grantley,Lyptratt,Malaysian,Male,Fluocinonide,7J22XT8HU07
876,Ashlie,Rozalski,Filipino,Non-binary,Strength F,9A43TY0DD26
877,Emili,Giacobo,Choctaw,Genderqueer,PRENATAL PLUS,8WE1N62PP23
878,Mahmud,Gurwood,Lumbee,Male,Isosorbide Dinitrate,3HA0HX4WC17
879,Malina,Maletratt,Mexican,Female,TOPIRAMATE,8P66R67GW02
880,Aida,Sooper,Laotian,Female,good sense pain relief,6MV7DY2UM87
881,Jaymie,Danzig,Colville,Genderfluid,Analgesic,2TW9K30AG23
882,Gino,Ninnis,Paraguayan,Male,WellPatch Backache Pain Relief,9RA5EC4GY86
883,Laurette,Aiton,Comanche,Female,Promethazine Hydrochloride,4NN1KT9AF06
884,Janene,Grindall,Pakistani,Female,Aspirin,5YC1M28QW94
885,Brittne,Mannie,Blackfeet,Genderqueer,VITRASE,6KG5E69HH79
886,Garfield,Annice,Seminole,Male,Ropinirole Hydrochloride,3K57GP7GU30
887,Corly,Scaddon,Malaysian,Female,multi symptom cold relief,3G91G56DY19
888,Abram,Covil,Ottawa,Bigender,Peanut,3MT9RK8UV09
889,Doti,Keemer,Lumbee,Female,ACETAMINOPHEN AND CODEINE PHOSPHATE,7T50TU0VT70
890,Bastien,Archell,Lumbee,Male,Gabapentin,9XG5FT4GD79
891,Jerrie,Yude,Mexican,Male,Benzoyl Peroxide Emollient,3JR6Y33PN17
892,Vinni,Foxton,Bolivian,Female,MANGO BUTTER LIPSTICK,7C48K57YK74
893,Jo-anne,Rickards,Alaska Native,Female,simvastatin,1H37RC9JH81
894,Kelsey,Pankhurst.,American Indian,Female,Sumatriptan Succinate,6FE8WC8QQ20
895,Haze,Mathe,Dominican (Dominican Republic),Male,Tag Alder,4MN1XD6DG81
896,Cherice,Ravillas,American Indian,Female,Welby health allergy relief,5RA7WA6DX20
897,Frasco,Lohoar,Filipino,Male,Dandruff,9EN3JU1QX95
898,Linea,Dugood,Spaniard,Female,Diorskin Nude Natural Glow Makeup 050 Dark Beige,1TA1AJ9XX48
899,Norrie,O'Kieran,Fijian,Agender,Divalproex Sodium,6WV9X45WX32
900,Kerry,Loukes,Mexican,Female,Divalproex sodium,3AK6XF4UA44
901,Leeland,Stoad,Ecuadorian,Genderqueer,LOTEMAX,7PN7JC5WU40
902,Vinnie,Elion,Fijian,Male,Vaseline,5Y40GM2PF54
903,Xerxes,Matson,Fijian,Male,"Piperacillin, Tazobactam",4R91DH6VT95
904,Pru,Heenan,Iroquois,Female,SEPIA OFFICINALIS,2YP5G71XR87
905,Nicole,Veelers,Venezuelan,Female,SHISEIDO PERFECT REFINING FOUNDATION,5K20MW0XK08
906,Katrina,Pepperrall,Yakama,Female,NWC21 NATURAL SUN PROTECTOR,4HR0N98RK31
907,Wolfgang,Robelet,South American,Male,Olive Pollen,6XE3VY0TC47
908,Johan,Tredgold,Chinese,Male,Nitrofurantoin Macrocrystals,3PY5HQ6MM67
909,Elisha,Loddon,Cheyenne,Polygender,Bluefish,5CM0FQ9EJ15
910,Chantal,Cabrara,South American,Female,Good Sense Severe Sinus Congestion,6X39WH9EJ23
911,Raven,Galbreth,Chilean,Female,benzoyl peroxide,9KU1JE5GT37
912,Nicky,Ong,Costa Rican,Female,LEVOXYL,7KM1EJ5UA20
913,Ardyce,Pedycan,Filipino,Female,JUGLANS NIGRA POLLEN,9CE4HP0TM88
914,Rozelle,Synnott,Fijian,Female,Kitchen Citrus,3YU7MH4PT84
915,Dierdre,Mariaud,Pueblo,Female,Sunscreen Day Broad Spectrum SPF 40,3NC3XQ1KP17
916,Al,Mulliner,Tohono O'Odham,Male,Oxytocin,3UW7CT7YY50
917,Susanne,Zanetto,Argentinian,Female,Cold and Allergy,6PG9WQ1XY45
918,Baillie,Scorton,Dominican (Dominican Republic),Male,Allergy Eye Relief,6PH8PM4QN35
919,Eartha,Cardinal,Spaniard,Female,Rite Aid Sensitive Mint,4WV0YD8AE74
920,Dalenna,Bwy,Korean,Female,Amlodipine Besylate,7D60CE5XG30
921,Waylen,Gellion,Yuman,Male,Clonazepam,2W07TG4MT65
922,Marco,Friedenbach,Delaware,Male,medical air,2F38K01AP27
923,Olympie,Strahan,Fijian,Female,Clopidogrel Bisulfate,2FQ1T10GP09
924,Hally,Gossipin,Bangladeshi,Female,benefit BIG EASY BROAD SPECTRUM SPF 35 SUNSCREEN multi-balancing complexion perfector - 05 BEIGE,6M02CH0DH66
925,Red,Seleway,Colville,Male,ADVANCED HYDRO-LIQUID COMPACT (REFILL),2V57V96MP02
926,Yule,Klimkowski,Hmong,Male,Orphenadrine Citrate,9KC6MV7JX13
927,Luelle,Machans,Asian,Female,Fentanyl Citrate,8DJ0F25VJ33
928,Manuel,Iliffe,Delaware,Male,Etodolac,3R16W53KD71
929,Lanae,Sheers,Delaware,Female,pain relief,4U88WD2AW46
930,Cazzie,Ingold,Colombian,Male,Cimetidine,3RV3HA2WT15
931,Laural,Martinie,Chinese,Female,family wellness hemorrhoidal,1YP3P54PE89
932,Abra,Stebbings,Aleut,Female,Mefloquine Hydrochloride,4NR0X83DK75
933,Jackqueline,Risborough,Potawatomi,Female,ETHYL RUBBING ALCOHOL,3VU1QF4RU94
934,Ellwood,Godin,Alaska Native,Genderqueer,Letrozole,8XN2PA4FU50
935,Antone,Postill,Colombian,Male,Metronidazole Topical Gel,9V83RG1HM39
936,Goober,Aleksic,Kiowa,Male,Pseudoephedrine,2K36D30NY74
937,Quinta,Hindhaugh,Osage,Female,Xeloda,7HU3XN1QQ06
938,Norby,Cleminshaw,Kiowa,Male,Standardized Orchard Grass Pollen,9J37W22KN11
939,Herrick,Rumgay,Apache,Non-binary,Stibium 5,6YA8G42KX13
940,Courtenay,Melmeth,Peruvian,Female,Olanzapine,2QE0PN0TF75
941,Zaccaria,Guinness,Colombian,Male,"Carbidopa, Levodopa, and Entacapone",2JP4FM8EH22
942,Kylynn,McWhin,Lumbee,Female,70%,3X72X85VQ79
943,Valentia,Philott,Iroquois,Female,Treatment Set TS347116,4K36K79EK55
944,Con,Allabush,Indonesian,Male,Neomycin and Polymyxin B Sulfates and Bacitracin Zinc,8TJ7X87AE48
945,Arman,Lebbern,Laotian,Male,Ammonia N 13,8M47T93FY19
946,Rodie,Huffadine,Iroquois,Non-binary,Atenolol,4NH6H22HN40
947,Marven,Carnaman,Latin American Indian,Male,Benicar HCT,1G19D33XJ80
948,Lowell,Adamo,Paiute,Male,GOLDKIWI,3RR2EC6FJ38
949,Freedman,Gatfield,Iroquois,Male,GALANTAMINE HYDROBROMIDE,9RC0QN7KP18
950,Chilton,Roskilly,Sioux,Male,Fiore Rx CranApple Crush Antifungal Nail Polish,2WV9YK6FE04
951,Karie,Norquay,Guatemalan,Female,Cerebral Composition,6F06G84MK84
952,Kippy,McCudden,Costa Rican,Male,Fludeoxyglucose F-18,7H25DM5GU09
953,Avrit,Thirst,Hmong,Female,Lisinopril,5AJ6WJ8WN60
954,Lloyd,Brunelleschi,Native Hawaiian and Other Pacific Islander (NHPI),Male,Simvastatin,7NK4R23JN14
955,Cornelle,Ketton,Apache,Female,Synovium,5XA6NE9RD36
956,Pierson,McLleese,Panamanian,Male,Neutrogena Oil Free Acne Stress Control Night Cleansing Pads,7E42HW1NJ64
957,Gris,Plane,Lumbee,Male,Olanzapine,9F83F86NE86
958,Will,Vanyard,Cherokee,Male,Denavir,1ME0FR6AP39
959,Nehemiah,Lowrie,Yakama,Male,LBEL,1EF5KM3JY41
960,Thea,Farlam,Yakama,Female,Oxygen-Carbon Dioxide Mixture,4KP1N98YM81
961,Chane,Gartan,Asian,Male,Citalopram,6JA2EH7PT76
962,Lind,Sebley,Yaqui,Female,RoC Multi Correxion 5 in 1 Moisturizer,1RU0GN1NJ21
963,Jorey,Cordier,Menominee,Female,Lisinopril,8NJ8Y03RY98
964,Lenard,Blue,Aleut,Male,INDOCIN,8QF4U48CN97
965,Dannie,Moxsom,South American,Female,Ibuprofen,6WE4GW5MH07
966,Tisha,Pilgrim,Cree,Female,Oxygen,7EW9J69AJ19
967,Imelda,Bruce,Paraguayan,Female,Divalproex sodium,3YK8EU5TN53
968,Cortie,Crombie,White,Male,Eplerenone,8E69P44TJ71
969,Clyve,Soans,Bangladeshi,Male,lisinopril,3DG9Y89AM81
970,Brina,Gaveltone,Kiowa,Female,Fluide Fondant Desalterant SPF 15 Hydra Quench - Formula B,4XG3GX8TY72
971,Kimball,Lindup,Pakistani,Male,Azithromycin,6U88KM4PK43
972,Quintilla,Scawton,Chamorro,Female,Dove,8Q03H87UR25
973,Clarie,Itzik,Vietnamese,Female,Tobramycin Sulfate,2W20QR4CX99
974,Krystal,Aldersea,Argentinian,Female,FAMOTIDINE,4XH2PY5EX95
975,Logan,Biffin,Japanese,Male,Pramipexole Dihydrochloride,7Y88WW5HW48
976,Moore,Ten Broek,Osage,Male,GPS Topical Anesthetic,9U21GU9YY18
977,Binny,Olenikov,White,Female,Sorbitol-Mannitol,3DC1Y86KJ24
978,Tobias,Clawe,Chippewa,Male,Sun Essential,6YP4XT6HG31
979,Jorrie,Chappel,Fijian,Female,"Pollens - Trees, Melaleuca (Punk Tree) Melaleuca quinquenervia",8RT5TT5JK83
980,Claire,Mauvin,Yaqui,Male,LBEL REPLENISHING FOUNDATION SPF 14,5RY4JC1NM07
981,Leena,Petken,Alaska Native,Female,TheradermSPF 43,8TJ6T90JC80
982,Hagan,Schubuser,Thai,Male,Levofloxacin,7PQ9EH2MT65
983,Pattin,Yanne,Vietnamese,Male,Rite Aid RENEWAL,3DD8F98HJ21
984,Albert,Bovey,Tohono O'Odham,Male,Oral-B,7Y81PX2WY36
985,Mab,McGahern,Houma,Female,ESIKA,5MV7DG5RJ77
986,Tedda,Breyt,Pueblo,Female,risperidone,4D83J17KF87
987,Massimiliano,MacEnelly,Black or African American,Male,Nafcillin Sodium,5FC5UU7GV55
988,Caryn,Bernt,Asian,Genderqueer,Adempas,9D67EV4CN96
989,Bernarr,Normavell,Bangladeshi,Male,Lisinopril,6YJ4Y47KE49
990,Arthur,Antill,Cherokee,Male,Sodium Chloride,8CK7VD8VC24
991,Fidel,Lugg,Cree,Male,ACETAMINOPHEN,6RF5TN2TD06
992,Aimil,Seth,Guatemalan,Female,Univasc,3P79WX8FD81
993,Fabiano,Iacavone,Korean,Male,Diltiazem Hydrochloride,5YD9TY6WW88
994,Roxanne,Trowel,Chippewa,Female,PROCHLORPERAZINE MALEATE,5VR1K91FC25
995,Abby,Rosander,Filipino,Female,Binosto,3YQ8DC5KG34
996,Janine,Stockin,Tohono O'Odham,Female,Hydrocodone Bitartrate And Acetaminophen,1MC1WE0RH10
997,Hugh,Ipsgrave,Panamanian,Male,GERI-TUSSIN EXPECTORANT,6YW4GF1VX63
998,Guillema,Chalke,Crow,Female,Chlorpromazine Hydrochloride,1FE4AE6FU48
999,Phillie,Coade,Central American,Female,Instant Hand Sanitizer - Vanilla Scented,7QV9JE4EU05
1000,Mala,Every,Honduran,Female,HELLO FLAWLESS OXYGEN WOW Broad Spectrum SPF 25 BRIGHTENING MAKEUP - Im All The Rage,2CQ3D13RD59
